target,softmax prob,latent_parameter_1,latent_parameter_2,classification error %,average overlap,predictive entropy,average entropy,mutual information
0,[0.9816606  0.01833935],2.287404,-1.6927925,0.0,5.697419344111768e-06,0.16677424227275392,0.15269175462540752,0.014082487647346403
0,[0.9976808  0.00231925],3.5509133,-2.5132766,0.0,9.962926517252516e-07,0.05904882969133357,0.05159236600389915,0.007456463687434418
0,[0.9925148  0.00748526],2.8161693,-2.0711365,0.0,2.1538727802815544e-06,0.10956251513456335,0.09869050287328275,0.010872012261280595
0,[0.9881726 0.0118274],2.5455985,-1.8798403,0.0,1.5366779408144854e-05,0.15490792306442566,0.13712118709147067,0.017786735972954992
0,[0.8577848  0.14221516],1.193644,-0.6033681,0.01,0.05443056293694352,0.6654657136475819,0.6069509814529607,0.05851473219462122
0,[0.02999758 0.9700024 ],-1.5544002,1.9217815,1.0,0.0011152599923385605,0.2828331655675149,0.2515469846314698,0.03128618093604513
0,[0.984786   0.01521395],2.4800549,-1.6901566,0.0,6.294693433624534e-06,0.1553930108800999,0.1417562485192115,0.0136367623608884
0,[0.9270899  0.07291004],1.6447878,-0.89803654,0.0,0.008410681888311322,0.44404041542316514,0.40289451210881794,0.0411459033143472
0,[0.08520471 0.9147953 ],-0.9010511,1.4725925,1.0,0.0007951450432565463,0.46033237493506174,0.4352342157683859,0.02509815916667585
0,[0.9759837  0.02401635],2.3250096,-1.3797013,0.0,0.0018574100434723098,0.2392001781433779,0.21031233826927737,0.02888783987410054
0,[0.87861    0.12139001],1.2339265,-0.74540603,0.03,0.0703121907417626,0.6375952371446603,0.5590138272213429,0.07858140992331741
0,[0.8061722  0.19382775],1.0610001,-0.3643275,0.01,0.049661958690658564,0.7424986347781933,0.708755380704934,0.03374325407325929
0,[0.9942251  0.00577494],2.9555497,-2.192887,0.0,1.397227377233162e-06,0.09539228408852989,0.08667919154136149,0.0087130925471684
0,[0.98346394 0.01653609],2.555637,-1.529899,0.0,9.77579879867036e-06,0.16348978210007006,0.15036995659201255,0.013119825508057514
0,[0.9374855  0.06251454],1.7502007,-0.9576013,0.0,0.0009272074889344536,0.38835389492632005,0.36449039921018833,0.023863495716131722
0,[0.7004237  0.29957622],0.6920245,-0.1572921,0.01,0.15432851673528827,0.9002993382768786,0.877512754924787,0.022786583352091605
0,[0.4125786 0.5874214],0.1438191,0.49713472,0.86,0.47501724366858517,0.9788645388353522,0.9647629933605071,0.0141015454748451
0,[0.4241268 0.5758732],0.13616747,0.4420226,0.79,0.6136597329714745,0.9860210809030554,0.9607176174469121,0.025303463456143316
0,[0.39213687 0.6078631 ],0.24366958,0.6820084,0.7,0.5793831779243922,0.9747157153572632,0.9182674836997468,0.056448231657516446
0,[0.9295151  0.07048491],1.7295022,-0.8497622,0.0,0.000945946446410783,0.45800596561684054,0.43062211402453526,0.027383851592305275
0,[0.99201363 0.00798634],2.5887914,-2.2332132,0.0,7.630126758289796e-06,0.1209509697985536,0.10755022137922737,0.01340074841932623
0,[0.97267365 0.02732635],2.1788187,-1.3933781,0.0,1.7638609374176393e-05,0.2355632610255821,0.2205469828264604,0.015016278199121685
0,[0.9973786  0.00262148],3.2635298,-2.677861,0.0,1.4092106140836447e-06,0.06549315935506683,0.054391921092475315,0.011101238262591517
0,[0.9953217  0.00467829],3.3571534,-2.0029795,0.0,1.2360589969566865e-06,0.0815355612916458,0.07393231578615782,0.007603245505487979
0,[0.95506823 0.04493178],1.9357185,-1.120919,0.0,0.00029203233686822056,0.31429549973370624,0.2857003958292056,0.02859510390450065
0,[0.10477339 0.8952266 ],-0.9665878,1.1786894,1.0,0.00269153082431077,0.5452771859359659,0.5156342562332522,0.02964292970271365
0,[0.43175343 0.56824654],-0.056783944,0.21791676,0.85,0.5774653246914051,0.9861452523769784,0.9687122309722698,0.017433021404708593
0,[0.11529396 0.8847061 ],-0.017011583,2.0207589,0.95,0.07419791032683178,0.6230740540017099,0.5402192191697534,0.08285483483195655
0,[0.47860298 0.521397  ],0.8242957,0.909936,0.51,0.951176963486822,0.999913237500475,0.925230287311253,0.074682950189222
0,[0.9364239  0.06357607],1.9138639,-0.7759675,0.0,0.005507333141395911,0.44182162424872135,0.4027937302754123,0.039027893973309025
0,[0.9941748  0.00582529],2.916026,-2.2236774,0.0,1.3518166577379642e-06,0.08395620097916631,0.07489806286424656,0.009058138114919748
0,[0.65003407 0.34996587],0.8864841,0.26729494,0.09,0.32304633363089436,0.9326374940925888,0.8845786621354855,0.048058831957103254
0,[0.99079293 0.00920707],2.7462754,-1.9322582,0.0,4.921937879707816e-06,0.12185136346931448,0.10978829610839917,0.012063067360915308
0,[0.9647747  0.03522528],2.0653024,-1.2448282,0.0,4.4432147619320783e-05,0.276154111832101,0.2578621445754894,0.018291967256611585
0,[0.9663594  0.03364068],2.071476,-1.2863238,0.0,3.20081496612395e-05,0.2374680118795504,0.22141431283259289,0.016053699046957526
0,[0.9787678 0.0212322],2.499329,-1.3314465,0.0,3.572461707140778e-05,0.1993136177899736,0.17589620207451728,0.02341741571545633
0,[0.8347417  0.16525835],0.8678427,-0.7517696,0.02,0.04428448851498926,0.6907919648049645,0.647644527399876,0.04314743740508853
0,[0.9963626  0.00363741],3.2359433,-2.376897,0.0,1.2492815648249755e-06,0.0690997806540216,0.05986527433064204,0.009234506323379563
0,[0.99809545 0.00190449],3.5477443,-2.71389,0.0,1.5604646666975713e-06,0.05391739408645563,0.043831538707329205,0.010085855379126422
0,[0.9971584  0.00284155],3.339937,-2.5206213,0.0,1.0169351912510951e-06,0.05061463388482841,0.044525800422115326,0.006088833462713085
0,[0.23524359 0.76475644],0.42753172,1.6064676,0.97,0.12884973609171851,0.7840816319997085,0.7113561883426068,0.07272544365710165
0,[0.9261581 0.0738419],1.7189398,-0.81017876,0.0,0.0028764096217490103,0.4224243889885086,0.3956231286260011,0.026801260362507517
0,[0.9792444  0.02075565],2.2932732,-1.5606897,0.0,2.2642282518662457e-05,0.18415915153088364,0.1669868880716301,0.017172263459253545
0,[0.94653183 0.05346821],1.7067726,-1.1669446,0.0,0.0005658215674214478,0.3258142097578937,0.30549979102062963,0.020314418737264084
0,[0.9935963  0.00640371],2.8298607,-2.2145934,0.0,1.0797433353621133e-06,0.0776614156048161,0.07089604270204253,0.00676537290277357
0,[0.9611879  0.03881205],1.985856,-1.2235831,0.0,0.00025825935569157536,0.30042933401439825,0.2730523402302961,0.027376993784102133
0,[0.9776913  0.02230871],1.9300826,-1.8501343,0.0,2.995268627783334e-05,0.19970077223489713,0.18068637035550503,0.0190144018793921
0,[0.41260755 0.58739245],0.22288474,0.5760811,0.71,0.607061145263656,0.9737370480825285,0.8885975527208476,0.08513949536168086
0,[0.9978818 0.0021181],3.5168304,-2.6382859,0.0,1.0911287304788936e-06,0.05508391478605318,0.04550055240431409,0.00958336238173909
0,[0.9556757  0.04432427],1.869863,-1.2010233,0.0,0.004605664467461139,0.33212025462141764,0.30304785586510996,0.029072398756307682
1,[0.7137849 0.2862151],0.93758506,0.023747064,0.92,0.23531817896062887,0.8912966484434885,0.8424564133121901,0.048840235131298426
1,[0.20735091 0.7926491 ],-0.092850626,1.2481176,0.02,0.09698651689627663,0.783235993305416,0.7284891860128853,0.054746807292530786
1,[0.04279695 0.9572031 ],-1.2542906,1.8532583,0.0,4.198162699848976e-05,0.26915390199403205,0.2537226941518725,0.015431207842159567
1,[0.02781201 0.97218806],-1.4926023,2.061479,0.0,0.00010741345016929297,0.2545196832538021,0.23538777422820795,0.01913190902559414
1,[0.05935702 0.94064295],-0.63817364,2.1248198,0.0,0.0017897725571082402,0.39172514184419555,0.3615439924356067,0.030181149408588848
1,[0.00981979 0.99018025],-1.9053965,2.7080908,0.0,2.1886782773321925e-06,0.12236968693226795,0.11360741809586845,0.008762268836399495
1,[0.07253574 0.92746425],-0.8642141,1.6841607,0.0,0.00038007948584771597,0.4106785758738568,0.3866320476215443,0.024046528252312516
1,[0.42098886 0.57901114],0.640748,0.95946336,0.31,0.6341787918624779,0.9794277820169279,0.9065783388685542,0.07284944314837372
1,[0.08714885 0.91285115],-0.7649303,1.5840249,0.0,0.004243765682385548,0.48550500258956114,0.4494414015865235,0.036063601003037626
1,[0.01094424 0.98905575],-1.687779,2.8161583,0.0,9.312591506127937e-05,0.15212420112864455,0.12860303687905525,0.023521164249589305
1,[0.01944613 0.98055387],-2.144745,1.7757244,0.0,2.1850900041953184e-05,0.19839000646134625,0.1795796297504558,0.018810376710890447
1,[0.00323884 0.99676114],-2.6359143,3.0933802,0.0,1.144825809695848e-06,0.06525609739422597,0.058751842525582694,0.006504254868643276
1,[0.01652388 0.98347616],-1.902735,2.183552,0.0,1.7050657546493045e-05,0.1603323848596268,0.147064127574959,0.013268257284667795
1,[0.11493856 0.88506144],-0.7209944,1.3202649,0.0,0.0025279552188393517,0.5584611609727952,0.5342469066402288,0.02421425433256641
1,[0.21976638 0.78023356],0.291016,1.5580443,0.05,0.10426515567538956,0.7701016782590233,0.7141700824846987,0.055931595774324605
1,[0.08296883 0.9170312 ],-0.7762006,1.6264759,0.0,0.0020168826228986136,0.47802887376089215,0.4413058482787838,0.036723025482108373
1,[0.27445447 0.7255455 ],0.07094741,1.0430858,0.06,0.1701988835196539,0.8361363088669582,0.7768233621940199,0.059312946672938294
1,[0.00984095 0.9901591 ],-1.9742541,2.6370585,0.0,2.857082938598504e-06,0.10932516832745699,0.09926152826981,0.010063640057646997
1,[0.14907083 0.8509292 ],-0.5889882,1.1529192,0.03,0.07006395467804202,0.6640582506285834,0.5965003696819566,0.06755788094662674
1,[0.16001627 0.83998376],-0.2100577,1.4480494,0.0,0.021096158659962852,0.6666440957756311,0.6251246031479472,0.04151949262768395
1,[0.1747377 0.8252623],-0.43976283,1.1126524,0.0,0.025674408349093323,0.7069639234222216,0.6734156976750406,0.03354822574718097
1,[0.02808195 0.97191805],-1.40152,2.1426244,0.0,1.9487783083838576e-05,0.23948420749127783,0.22199335692021663,0.0174908505710612
1,[0.34489048 0.6551095 ],0.14383852,0.7854141,0.16,0.36046674123214445,0.9289274843481762,0.8553269929634847,0.07360049138469149
1,[0.28138757 0.71861243],-0.059677377,0.8779118,0.13,0.2740604979172375,0.8777102769993029,0.8036388111252236,0.07407146587407931
1,[0.0716823  0.92831767],-0.36177248,2.1993575,0.01,0.02368582131688648,0.5061599899711963,0.4479443786020882,0.05821561136910808
1,[0.00270435 0.9972957 ],-2.002969,3.907215,0.0,3.537572624077748e-05,0.13881180879619912,0.10696751191135714,0.03184429688484197
1,[0.05027317 0.9497269 ],-1.098948,1.8397552,0.0,0.00037945484411884594,0.3389253286442513,0.3198857528043392,0.019039575839912115
1,[0.16622765 0.83377236],0.0056372434,1.6182394,0.0,0.016356121465575114,0.674314436012787,0.644373933328418,0.029940502684368986
1,[0.01917708 0.980823  ],-1.6741726,2.2605035,0.0,7.014299731068926e-06,0.18344282229220868,0.16899189406213574,0.014450928230072935
1,[0.51801133 0.48198864],0.71079266,0.63871616,0.56,0.8612949835114917,0.9973201690820911,0.8950573930699055,0.10226277601218559
1,[0.0137875 0.9862125],-1.8436825,2.4264264,0.0,4.6927464267508986e-06,0.14574869677200347,0.13608318580218817,0.0096655109698153
1,[0.5237066 0.4762934],0.4661872,0.3712897,0.6,0.8323720504022855,0.9970704502730383,0.9542959572463456,0.04277449302669267
1,[0.00402604 0.995974  ],-2.3433878,3.1675487,0.0,2.6301320341553323e-06,0.09745743026225913,0.082144686219797,0.015312744042462134
1,[0.22056259 0.7794374 ],-0.83056587,0.43182498,0.01,0.06569247809260592,0.7996504474603896,0.7712401174164096,0.02841033004397997
1,[0.00313808 0.99686193],-2.6042664,3.1567354,0.0,1.0166253691544003e-06,0.047765838013527094,0.04212010710184636,0.0056457309116807325
1,[0.1703136 0.8296864],-0.3893998,1.1940066,0.0,0.028166535153905613,0.6678266914786265,0.6290504511191926,0.038776240359433944
1,[0.08309481 0.9169052 ],-0.7732291,1.6277927,0.0,0.0016945359620893418,0.44958642595686354,0.42228555599359957,0.027300869963263974
1,[0.18264478 0.8173552 ],-0.4310146,1.067516,0.01,0.05828966347183247,0.7289472618034584,0.6753931111989985,0.053554150604459894
1,[0.00328623 0.99671376],-2.0180795,3.6966429,0.0,2.4350275108056997e-05,0.11162155592418696,0.08621842852186866,0.0254031274023183
1,[0.08368957 0.9163105 ],-0.9221656,1.4710753,0.01,0.016321133778530145,0.4999636270432602,0.4579694193035322,0.04199420773972801
1,[0.00330434 0.99669564],-1.7127788,3.9964294,0.0,5.1350633298465665e-05,0.10360383223011961,0.08136731926343925,0.02223651296668036
1,[0.03624645 0.9637535 ],-1.2166398,2.0638545,0.0,0.0008168884585332149,0.3022676565694708,0.2647900357088705,0.0374776208606003
1,[0.06907453 0.9309255 ],-1.0407374,1.5602558,0.0,0.0064254772032180255,0.41470202399946676,0.3834403075955069,0.03126171640395986
1,[0.04747482 0.95252514],-0.5246642,2.474253,0.0,0.00020468499170609052,0.34562428937150264,0.32133548055978717,0.024288808811715468
1,[0.15681669 0.8431833 ],-0.5394813,1.1426256,0.04,0.12178912006160628,0.7491805047295153,0.6716283679759489,0.07755213675356631
1,[0.01915268 0.9808473 ],-1.624568,2.3114061,0.0,0.0008524521418037707,0.22738711981223875,0.19051229814291257,0.03687482166932618
1,[0.01603873 0.9839612 ],-1.6909089,2.4256713,0.0,1.6646292201101825e-05,0.19579053168921762,0.17860176864439692,0.0171887630448207
1,[0.07585684 0.92414314],-1.0941935,1.4058255,0.0,0.0012595720497052753,0.45084349014768255,0.42060274875056974,0.030240741397112803
1,[0.06573562 0.9342644 ],-0.8925868,1.7615317,0.0,0.0008688434692919386,0.40230800827371305,0.3653619642890983,0.03694604398461476
1,[0.00917363 0.9908264 ],-1.4262161,3.2559905,0.0,4.060204449363597e-06,0.11452774025629807,0.10122128132530737,0.013306458930990694
1,[0.05838842 0.9416115 ],-1.1384609,1.6420144,0.0,0.000223342112637258,0.36708871309942365,0.3427172021304745,0.02437151096894913
1,[0.0603786 0.9396214],-0.7827861,1.9620563,0.0,0.0002802139665851947,0.38826571082209016,0.36430212120315625,0.02396358961893391
1,[0.05472905 0.945271  ],-1.1361911,1.7128859,0.0,0.00019817835159930802,0.33388913918120433,0.3105397426041642,0.023349396577040105
1,[0.01031159 0.9896884 ],-1.7329457,2.831176,0.0,5.6048128934299445e-05,0.17022339733147027,0.14268188064398651,0.027541516687483752
0,[0.8843543  0.11564576],1.596441,-0.43788502,0.01,0.030251138154849002,0.6028478623643384,0.5555322104372761,0.04731565192706233
0,[0.9482284  0.05177159],2.1633549,-0.7443991,0.0,0.001069737390869781,0.34584919968316846,0.3155308726126852,0.030318327070483264
0,[0.9938     0.00619996],2.944717,-2.1322756,0.0,1.791322335689531e-06,0.09254037103168168,0.08104014376800411,0.011500227263677568
0,[0.98907614 0.01092391],2.4693453,-2.0364723,0.0,2.3962210797963342e-05,0.14401079058720342,0.12710030622039442,0.016910484366809003
0,[0.8356469 0.1643531],1.5969603,-0.029228635,0.01,0.031245851199913566,0.6448371256028542,0.6055326835269578,0.03930444207589645
0,[0.99874735 0.00125268],3.581693,-3.099527,0.0,1.6394646933996014e-06,0.051553411933478725,0.040499390970235805,0.01105402096324292
0,[0.8071756  0.19282441],1.6319542,0.20019287,0.02,0.0928554268137156,0.7687526463456554,0.7089733687149027,0.05977927763075275
0,[0.9081455  0.09185451],1.7692184,-0.52198017,0.0,0.0051771322425202574,0.497269561813157,0.45865614602842736,0.038613415784729654
0,[0.9801588  0.01984119],2.1714363,-1.7285181,0.0,0.00010519066043246683,0.21324642678649094,0.19333627476791126,0.01991015201857968
0,[0.9635824  0.03641766],2.0358853,-1.239719,0.0,0.0001623599484870635,0.3101300369341463,0.2831403480797873,0.02698968885435904
0,[0.9602583  0.03974167],2.2241771,-0.9606248,0.0,0.0007038179406390123,0.31729537161487487,0.2850030061799569,0.03229236543491798
0,[0.9600361  0.03996396],1.968534,-1.2104588,0.0,8.481440770063906e-05,0.2964701859023796,0.2780915608875646,0.01837862501481502
0,[0.9618859  0.03811414],2.124508,-1.1038026,0.0,0.000296108812659044,0.28182964679973044,0.2590931963903654,0.02273645040936506
0,[0.9669831  0.03301694],2.2743955,-1.1027647,0.0,0.0013535953943711655,0.30218607229946776,0.27051037215704976,0.031675700142417995
0,[0.8103554  0.18964455],1.0180671,-0.4342543,0.0,0.03703869397762102,0.7307971071961388,0.6897638525181067,0.041033254678032094
0,[0.9936445  0.00635558],2.806507,-2.24554,0.0,1.6334246814161777e-06,0.09341547250385004,0.08354576438288222,0.009869708120967824
0,[0.9753838  0.02461624],1.776391,-1.9030337,0.03,0.046159986010287694,0.38248094537333144,0.2759133146230617,0.10656763075026976
0,[0.98856163 0.0114384 ],2.616269,-1.8430061,0.0,7.170957525958174e-06,0.1267899097823341,0.1151243695699725,0.011665540212361589
0,[0.99363273 0.00636728],3.1719332,-1.8782624,0.0,1.425319499775109e-06,0.08410360085987141,0.0748177415918358,0.009285859268035615
0,[0.98141634 0.01858369],2.3588002,-1.6079122,0.0,5.720637376392624e-05,0.20230418111016427,0.18154679955777164,0.020757381552392623
0,[0.90619135 0.0938087 ],1.5530255,-0.71496755,0.0,0.01669702284054501,0.5168057590552669,0.45589513655147584,0.06091062250379109
0,[0.9744736 0.0255264],2.2535129,-1.3886714,0.0,7.288430000288935e-05,0.2151240258794543,0.1978060823660043,0.017317943513450007
0,[0.9781804  0.02181958],2.196475,-1.6064112,0.0,2.9380108183733446e-05,0.21329391549596044,0.19343834647119834,0.0198555690247621
0,[0.9410067  0.05899334],1.8772614,-0.89226437,0.0,0.003870579244056323,0.39083495964332965,0.3566437767558981,0.03419118288743156
0,[0.9783116 0.0216884],2.2114997,-1.5975509,0.0,2.4952240992864496e-05,0.19926458123664634,0.18256001384749854,0.0167045673891478
0,[0.98419154 0.01580844],2.4185185,-1.7127581,0.0,4.859552284958388e-06,0.15309380706746203,0.14077688256495757,0.012316924502504462
0,[0.9472674 0.0527326],2.0718658,-0.81648195,0.0,0.0033895756390154427,0.38881631327882743,0.3527867648406606,0.0360295484381668
0,[0.9735865  0.02641354],2.2195318,-1.3875782,0.0,0.00011250775466787436,0.2292186060569395,0.20865266269278854,0.020565943364150963
0,[0.99574834 0.00425164],3.0735629,-2.382627,0.0,1.2905247324399975e-06,0.06565454894952806,0.05795761052052473,0.007696938429003333
0,[0.8977488  0.10225123],1.3886483,-0.7838091,0.0,0.0020117021063148816,0.5106237996743406,0.4880005138492432,0.022623285825097372
0,[0.9975363  0.00246365],3.4505253,-2.5531173,0.0,8.909650207538919e-07,0.05436264642062376,0.04718002210902565,0.007182624311598107
0,[0.96122813 0.03877193],1.8429942,-1.367521,0.0,4.994341739131456e-05,0.2837912594176403,0.26680633880975474,0.016984920607885534
0,[0.37366736 0.62633264],0.27169812,0.78821373,0.89,0.3549327347892092,0.9508647313789818,0.9198199710890853,0.031044760289896445
0,[0.98098856 0.01901139],2.5767279,-1.3667947,0.0,1.468629146201484e-05,0.1950102249044217,0.17983097164577613,0.015179253258645553
0,[0.99735236 0.00264767],3.484896,-2.4465282,0.0,1.0635709647882912e-06,0.0601794060169008,0.05203946177710622,0.008139944239794576
0,[0.84984857 0.15015142],1.2471857,-0.48622838,0.02,0.052675271572406014,0.6648387078981988,0.6060986784309472,0.05874002946725154
0,[0.974183   0.02581702],2.2031698,-1.4273952,0.0,5.002981334805667e-05,0.2378914976594687,0.21758477514583074,0.020306722513637965
0,[0.9221879 0.0778121],1.4752886,-0.9971634,0.0,0.010935788554690127,0.47183483259874265,0.41947639137440645,0.052358441224336194
0,[0.93547183 0.0645282 ],1.7057042,-0.9682443,0.0,0.00015010362486583985,0.38378797052422603,0.36444125516770426,0.01934671535652177
0,[0.6694863  0.33051375],0.8366111,0.13074876,0.14,0.368595924496139,0.946167197253315,0.9045950349388043,0.04157216231451066
0,[0.9559885  0.04401149],1.7438362,-1.3344592,0.0,0.0004175652534000293,0.3181809532798302,0.2852322805513884,0.03294867272844182
0,[0.88774455 0.11225546],1.4722626,-0.5956441,0.0,0.00697462093687407,0.5641019769427817,0.524874411111821,0.039227565830960764
0,[0.4452128  0.55478716],-0.044745952,0.17528617,0.6,0.8175084388824482,0.9948707921685029,0.9446164296904851,0.050254362478017844
0,[0.85245776 0.14754221],1.3942022,-0.3598072,0.0,0.017569518673797326,0.6626596447161043,0.6251195296597467,0.03754011505635757
0,[0.9777144  0.02228562],2.1536398,-1.6276363,0.0,1.7589804573613985e-05,0.21647617497836907,0.20034185906381963,0.016134315914549446
0,[0.98541564 0.01458433],2.2497618,-1.9633543,0.0,7.316693121012698e-05,0.17963619054475832,0.15841611116805066,0.021220079376707668
0,[0.97900724 0.02099278],2.3946815,-1.4476793,0.0,4.19736811452395e-05,0.1958788232826043,0.1726255435095652,0.02325327977303912
0,[0.99580187 0.00419815],3.2637258,-2.2051787,0.0,9.568220228445615e-07,0.06222199559107782,0.05595699546207391,0.0062650001290039115
0,[0.99423003 0.00576998],2.9291396,-2.220161,0.0,1.8286672438302249e-06,0.09990714039223329,0.08950410332202423,0.010403037070209065
0,[0.96247834 0.03752163],2.289056,-0.95553815,0.0,0.00039937331568773785,0.26241860993178595,0.24019086270584175,0.0222277472259442
0,[0.9894036  0.01059634],2.575868,-1.9607254,0.0,6.532758104111795e-06,0.14804492313499826,0.13278705230707702,0.015257870827921238
0,[0.87881756 0.12118246],1.3760066,-0.60527337,0.0,0.002251206931189529,0.5552115057890797,0.5343495372871312,0.020861968501948547
1,[0.6251819  0.37481812],1.0445371,0.53293526,0.77,0.5184283639513341,0.9597926947505719,0.8755079531636792,0.0842847415868927
1,[0.00498288 0.9950171 ],-2.4022114,2.8945408,0.0,9.548327728082658e-07,0.061625398524150415,0.05555592117134616,0.006069477352804255
1,[0.01693884 0.98306113],-1.8753648,2.1856973,0.0,1.6951330696196146e-05,0.1765362892542816,0.16071582017972544,0.01582046907455617
1,[0.00794267 0.9920574 ],-1.7643361,3.0631945,0.0,1.923635364434689e-06,0.10965306400024262,0.09945638461323755,0.010196679387005067
1,[0.01771446 0.9822856 ],-1.7372723,2.2782288,0.0,7.92042720228968e-06,0.17085349876856887,0.15802787108264355,0.012825627685925323
1,[0.00232947 0.9976705 ],-2.6705363,3.3892481,0.0,1.3767013818791104e-06,0.04857223779113361,0.040398660194179675,0.008173577596953932
1,[0.03083389 0.96916616],-1.4014401,2.0463815,0.0,0.0003595197078365083,0.255023226957697,0.23433453097649276,0.020688695981204264
1,[0.00740502 0.992595  ],-2.260501,2.6376636,0.0,1.299526200655318e-06,0.09279214288362915,0.08531656762411761,0.0074755752595115355
1,[0.02391121 0.9760888 ],-1.6128707,2.0963356,0.0,0.0033263914445074948,0.26079922129126176,0.22572718626177363,0.035072035029488136
1,[0.31398597 0.68601406],0.08731978,0.86886966,0.06,0.2200971399979284,0.8938065632501804,0.8476040260351648,0.04620253721501555
1,[0.5846048  0.41539523],0.6895891,0.3478835,0.66,0.7032763655033715,0.9864923133664195,0.9149641269332993,0.0715281864331202
1,[0.01963511 0.9803649 ],-1.6066604,2.3039453,0.0,1.6258492439252843e-05,0.20026610070611456,0.18419698771407345,0.016069112992041112
1,[0.00370628 0.9962937 ],-2.7570488,2.836965,0.0,1.4001727032551364e-06,0.06611501099938187,0.05863965609264175,0.007475354906740124
1,[0.04260908 0.95739096],-0.81104076,2.3011036,0.0,8.108219059294066e-05,0.30672278114874646,0.2829140189112518,0.023808762237494674
1,[0.12771022 0.8722897 ],-0.023914292,1.8974434,0.03,0.07269497064249573,0.6747907849600142,0.6028705210785896,0.07192026388142458
1,[0.29637027 0.7036298 ],-0.025656134,0.83898664,0.04,0.19466843091258823,0.8816890096356885,0.8366374663115724,0.045051543324116095
1,[0.05578978 0.94421023],-0.9857716,1.8429867,0.0,0.006359329518462158,0.4104037046021153,0.3645370924998976,0.04586661210221771
1,[0.0290906 0.9709094],-1.5587881,1.9490303,0.0,4.312364402134899e-05,0.2408599182133608,0.2218301883802105,0.019029729833150294
1,[0.02478367 0.9752163 ],-0.6084229,3.0640514,0.0,7.942459012286849e-05,0.2364121673902409,0.2111852147159002,0.02522695267434069
1,[0.08121467 0.9187853 ],-0.85057443,1.575382,0.0,0.0012962281935545023,0.43887943104908583,0.41007164909896193,0.0288077819501239
1,[0.3872022  0.61279786],0.66641945,1.1255075,0.25,0.5460499098209938,0.9724324736844085,0.8992628848314538,0.07316958885295477
1,[0.01171016 0.98828983],-1.9583788,2.4771402,0.0,7.983267763960308e-06,0.13183087176394254,0.11941834640538967,0.012412525358552862
1,[0.02282772 0.9771723 ],-1.5500073,2.2066803,0.0,1.9448684372334974e-05,0.2151478024809361,0.19874714993369422,0.01640065254724188
1,[0.04722568 0.9527743 ],-0.9175,2.0869403,0.0,0.016738841684489743,0.3892749050173531,0.3315993191719542,0.05767558584539895
1,[0.15317312 0.8468269 ],-0.59297293,1.1169547,0.0,0.011319211012703553,0.667855197603007,0.6444187778046304,0.02343641979837663
1,[0.00701376 0.99298626],-2.1417236,2.8111196,0.0,3.3740364287730584e-06,0.10044690794196622,0.0878973930275433,0.01254951491442291
1,[0.12074874 0.8792513 ],-0.65948755,1.3258713,0.0,0.016162433004793017,0.606436280374591,0.5634711445794169,0.042965135795174025
1,[0.0110534 0.9889466],-1.8764489,2.6174536,0.0,5.071531856315175e-06,0.1469713536837342,0.1316951129589177,0.015276240724816509
1,[0.6373192  0.36268076],1.0486891,0.4849414,0.68,0.6511415405856147,0.9752539350631384,0.8577743060852624,0.117479628977876
1,[0.02528823 0.9747117 ],-1.6068623,2.0449405,0.0,7.181407358299911e-05,0.2469366457097905,0.2243463590558275,0.022590286653962982
1,[0.0195568 0.9804432],-1.2695539,2.645128,0.0,2.6897664272962164e-05,0.2002017576968605,0.18219300287055729,0.018008754826303208
1,[0.01163848 0.98836154],-2.0837846,2.357947,0.0,2.276322505757926e-06,0.11612490013919825,0.10718232899120048,0.008942571147997777
1,[0.00297914 0.9970208 ],-2.5317512,3.2813857,0.0,4.0946075965792193e-05,0.09989415570209316,0.07523989450620991,0.02465426119588325
1,[0.6218747  0.37812528],0.6569358,0.15942287,0.74,0.5918774441440283,0.9771768730824355,0.9097925226305292,0.06738435045190627
1,[0.01673911 0.9832609 ],-1.6823478,2.390779,0.0,0.00026570187047286325,0.17925300244972028,0.15597061461302264,0.023282387836697643
1,[0.03805771 0.96194226],-1.0187838,2.211067,0.0,0.0002601716953989333,0.3156477993174405,0.2823162932081781,0.03333150610926244
1,[0.0826541 0.9173459],-0.9950345,1.4117856,0.0,0.001399720500540765,0.4701041281874475,0.4449556640953943,0.025148464092053235
1,[0.03666317 0.9633368 ],-1.2200859,2.0485444,0.0,9.163659138245599e-05,0.27714971939794575,0.2554808512938116,0.021668868104134154
1,[0.00522213 0.9947779 ],-2.5154755,2.734138,0.0,0.00016403367941962183,0.13711429703652048,0.10647562003205815,0.030638677004462322
1,[0.01514109 0.98485893],-1.7663879,2.4086986,0.0,0.0006184948254292505,0.17869254323730543,0.15160098690905718,0.02709155632824825
1,[0.00463919 0.9953608 ],-2.3769355,2.9916308,0.0,3.2425250472157505e-06,0.0935413208086189,0.08153796367430004,0.012003357134318868
1,[0.70622605 0.29377398],0.8582765,-0.018848173,0.95,0.17911624280831454,0.8764028648874439,0.8334607747674855,0.04294209011995842
1,[0.01705655 0.9829434 ],-1.8286815,2.2253354,0.0,0.0003215325779066109,0.16870571493110004,0.15156511777743661,0.017140597153663423
1,[0.03325545 0.9667446 ],-1.4406986,1.9290171,0.0,8.86537585099108e-06,0.23402601559867622,0.2219807161953782,0.012045299403298015
1,[0.06763937 0.93236065],-0.9122653,1.711264,0.0,0.0018695510774709432,0.44162418816553084,0.40514262632523385,0.036481561840296994
1,[0.13693972 0.8630603 ],-0.4552353,1.3857086,0.0,0.019852160943280905,0.6061924089756675,0.5631906838715224,0.04300172510414513
1,[0.62508893 0.37491107],0.8062242,0.2950191,0.8,0.48963546500019134,0.9638915572685852,0.9120047354685776,0.05188682180000759
1,[0.17264222 0.82735777],-0.4723564,1.0946594,0.03,0.09881780894649796,0.7403014704220956,0.6816160024508302,0.05868546797126539
1,[0.33677736 0.6632226 ],0.34540477,1.0230933,0.19,0.4286699874531646,0.9404599529844327,0.8729068875520302,0.06755306543240258
1,[0.06722307 0.93277687],-0.7517753,1.8783742,0.0,0.0014373130227862674,0.40692483954046244,0.37905285818934575,0.02787198135111668
1,[0.7275403  0.27245972],1.2402172,0.25803855,0.85,0.3521838570203149,0.8937976201523354,0.7915604695551285,0.10223715059720695
1,[0.593561 0.406439],0.92805713,0.54935104,0.75,0.5768424116015107,0.9762249491099099,0.9218037049754624,0.05442124413444749
1,[0.01478492 0.98521507],-1.7435896,2.4556625,0.0,7.390224455547641e-06,0.1504999969738962,0.13595054418271024,0.014549452791185968
1,[0.9500655  0.04993447],1.9766645,-0.96915483,1.0,0.0017783450849355406,0.34407309185204554,0.31850215237814783,0.025570939473897714
0,[0.33068407 0.66931593],-0.010562375,0.6945304,0.9,0.27790451853105,0.919159127753145,0.8797461216288914,0.03941300612425358
0,[0.9812806  0.01871932],2.3439245,-1.6153777,0.0,3.912541391474213e-05,0.18497056567765438,0.16848195475341185,0.01648861092424253
0,[0.51971227 0.4802877 ],1.0121815,0.93329144,0.46,0.952138793421256,0.9999532234668007,0.9343380585443202,0.06561516492248054
0,[0.0470839 0.9529161],-0.725216,2.2823799,1.0,0.006271513205926691,0.3686028483576198,0.32858067968401017,0.04002216867360964
0,[0.9795313  0.02046876],2.2360578,-1.6321166,0.0,1.7995486959339632e-05,0.2087718896654992,0.18915645141700427,0.019615438248494932
0,[0.7409215  0.25907847],0.5452094,-0.5055542,0.18,0.38175328850370727,0.8969854905687284,0.7870809234394304,0.10990456712929808
0,[0.5146604  0.48533952],0.41398177,0.3553231,0.44,0.8942017972747476,0.9989233913534341,0.9413776524094367,0.05754573894399739
0,[0.9279337  0.07206634],2.0327704,-0.5226029,0.0,0.0014697758485898835,0.43876557853421466,0.4094872950469928,0.029278283487221834
0,[0.82521033 0.17478968],1.2736678,-0.27838692,0.0,0.029304251222599834,0.6873138306695779,0.6553094501835296,0.032004380486048256
0,[0.9874176  0.01258237],2.8423173,-1.5204793,0.0,6.6604437600655994e-06,0.158578634773116,0.1425837000481752,0.015994934724940818
0,[0.9119004  0.08809958],1.5545945,-0.7824685,0.0,0.000430568078446985,0.44628564893017914,0.4254564431232199,0.02082920580695924
0,[0.9842861  0.01571388],2.3692362,-1.7681359,0.0,6.098871013221457e-06,0.15623115758016412,0.14082172704117005,0.015409430538994073
0,[0.99400926 0.0059907 ],2.890294,-2.221244,0.0,1.1753132893156538e-06,0.08239731798499877,0.07560674424941596,0.006790573735582811
0,[0.5412911  0.45870888],-0.106479526,-0.2720209,0.36,0.7575730789939403,0.9881550416349612,0.8595343765341924,0.12862066510076875
0,[0.5111452  0.48885486],0.7191169,0.6745289,0.42,0.8975240849463536,0.9989000877042422,0.8835108218562783,0.11538926584796394
0,[0.6056595 0.3943405],1.1169112,0.6878079,0.37,0.7256161692554225,0.9857115981228278,0.8969010470871549,0.08881055103567292
0,[0.99136984 0.00863011],2.9454703,-1.7983606,0.0,2.7054754671109544e-06,0.11424747302888576,0.10352179650565806,0.0107256765232277
0,[0.9952631  0.00473689],3.3962674,-1.9513596,0.0,0.00010295470133043576,0.10074321255157148,0.08323214327011821,0.017511069281453268
0,[9.993032e-01 6.967274e-04],4.118606,-3.1498134,0.0,4.081228855882665e-06,0.0387029139439013,0.028318940075648804,0.010383973868252499
0,[0.20263922 0.7973607 ],0.0116301775,1.3815101,0.92,0.1840654607859624,0.7880626004105553,0.6883802520919153,0.09968234831863998
0,[0.95088506 0.04911491],1.9137504,-1.0494801,0.0,0.00035988950615777304,0.31833021272294776,0.2976023046973468,0.020727908025600983
0,[0.88281494 0.11718511],1.5071101,-0.51225066,0.0,0.0061090244740786784,0.5594568975256281,0.5277152205387728,0.03174167698685526
0,[0.99769443 0.0023056 ],3.3869293,-2.683175,0.0,8.296713773117104e-07,0.04945354676210655,0.04411281364558641,0.005340733116520141
0,[0.93444437 0.06555559],1.7065933,-0.9504601,0.0,0.0003697142827183168,0.40357388657538873,0.38018858861998106,0.02338529795540767
0,[0.677291   0.32270902],0.8851287,0.14377871,0.04,0.25915905341920814,0.9309916201238316,0.9050801979968883,0.025911422126943306
0,[0.91743386 0.08256611],2.3334436,-0.07453745,0.0,0.015038198491691322,0.47496319701793716,0.4172029097169883,0.05776028730094884
0,[0.874968   0.12503202],1.0622587,-0.8833588,0.0,0.0010220070697181667,0.5409481246397727,0.5254133187482996,0.015534805891473158
0,[0.9895761  0.01042386],2.7699885,-1.7831906,0.0,0.00010026952040031839,0.15623849908957282,0.1282877604332767,0.02795073865629613
0,[0.9852213  0.01477863],2.4148066,-1.7848777,0.0,7.210120003637473e-06,0.15046181682540466,0.1394352996501552,0.011026517175249467
0,[0.8240055  0.17599453],1.198653,-0.34507138,0.01,0.06361301441496049,0.7299414075167708,0.6740454121511749,0.055895995365595974
0,[0.98992527 0.0100747 ],2.6581686,-1.9294336,0.0,2.5106856697753866e-06,0.11072518234789001,0.10076852624799536,0.009956656099894656
0,[0.9158302  0.08416978],2.140194,-0.24680108,0.0,0.004065332092900349,0.4917564429614361,0.45226183106934814,0.03949461189208797
0,[0.77800626 0.2219938 ],0.6196869,-0.63439816,0.0,0.05724353254789866,0.7945970812300878,0.7612787962871104,0.033318284942977394
0,[0.97652346 0.02347658],2.692924,-1.0350714,0.0,0.006418169740656905,0.3004335905850071,0.25599821810326967,0.044435372481737456
0,[0.90857315 0.09142686],1.8441081,-0.45222795,0.0,0.0047956143694887635,0.5176504518449796,0.48522359597708686,0.032426855867892734
0,[0.9877081  0.01229189],2.4022183,-1.984229,0.0,3.7136333782480892e-06,0.13305605467085782,0.12018788277667532,0.012868171894182504
0,[0.96213436 0.03786561],2.1893694,-1.0457412,0.0,8.775682569441015e-05,0.2991271028798964,0.27605653317556766,0.023070569704328747
0,[0.8250845  0.17491545],1.163549,-0.38763413,0.03,0.09081057338449881,0.7082826863890376,0.6313009730927205,0.07698171329631709
0,[0.7543589  0.24564108],1.1896648,0.06766812,0.14,0.2617393011808712,0.8048921346933863,0.6621167814786558,0.14277535321473045
0,[0.9681855  0.03181445],2.1472778,-1.2682253,0.0,2.5389338659518902e-05,0.2502092820752275,0.2344231020416871,0.01578618003354043
0,[0.97950816 0.02049183],2.3219163,-1.545108,0.0,9.46730037446607e-06,0.1789042323826862,0.16407703835927248,0.014827194023413731
0,[9.9965441e-01 3.4560772e-04],4.403562,-3.5662985,0.0,7.965505749884441e-07,0.02521024348491783,0.019070118883813835,0.006140124601103993
0,[0.6635189  0.33648115],0.7808156,0.101800375,0.11,0.3852483557000906,0.9399257748708528,0.8843401221987388,0.055585652672114017
0,[0.9736757  0.02632426],2.251418,-1.3591694,0.0,1.8598049133267937e-05,0.23286248847209526,0.21845397546329137,0.014408513008803886
0,[0.98540527 0.01459481],2.2477775,-1.9646097,0.0,9.212933166748258e-06,0.16654294710517478,0.14613144416149865,0.020411502943676135
0,[0.9505006  0.04949944],1.929173,-1.0258547,0.0,0.0011412868490000914,0.374984006643908,0.34348663101260335,0.03149737563130467
0,[0.77922755 0.22077245],1.3436997,0.082529165,0.01,0.09143149822761255,0.7966686122597303,0.7477492651090349,0.04891934715069535
0,[0.44264477 0.5573552 ],-0.104695335,0.1257399,0.64,0.8075441099237584,0.9962691831026684,0.9558677926839063,0.04040139041876212
0,[0.8662218  0.13377814],1.258744,-0.6092142,0.02,0.04762738066633756,0.6363106987253659,0.5760397226957964,0.060270976029569545
0,[0.9323409  0.06765903],1.6118088,-1.011409,0.0,0.00039012403964052583,0.4086634551536973,0.3851215239990163,0.023541931154681006
1,[0.01069817 0.98930186],-1.0432191,3.4837074,0.0,8.809367597741014e-06,0.15937511867600873,0.1403519456814226,0.01902317299458614
1,[0.06971236 0.9302876 ],-0.99318236,1.5979339,0.0,0.005918211958027679,0.44563951011088754,0.4020149498366428,0.04362456027424472
1,[0.00953129 0.9904687 ],-2.0522685,2.5913303,0.0,2.593872477624955e-06,0.10321740871146225,0.0935022592490417,0.009715149462420553
1,[0.02018671 0.97981334],-1.2535038,2.6288335,0.0,3.3959683653350034e-05,0.21192484760376706,0.19106485690230343,0.020859990701463632
1,[0.9787027  0.02129729],2.2028923,-1.624756,1.0,8.813393148135866e-06,0.18541264708169722,0.17089091574404722,0.014521731337650001
1,[0.25999343 0.74000657],-0.044627964,1.0013746,0.11,0.3015745236381366,0.8815941612037378,0.794693993453849,0.08690016774988885
1,[0.01992028 0.9800797 ],-0.8370493,3.0588465,0.0,0.00013952582751963893,0.22062074188584918,0.1967411657918618,0.023879576093987387
1,[0.01503528 0.9849648 ],-1.8542576,2.3279486,0.0,5.863490117720332e-05,0.1555533202085354,0.14157782726785703,0.013975492940678375
1,[0.12249634 0.8775036 ],-0.62112933,1.3478706,0.0,0.014903704934004962,0.5923638859590671,0.5502135179723556,0.04215036798671146
1,[0.09093825 0.90906173],-0.042729467,2.259503,0.0,0.010619025497607997,0.5517498389925131,0.4999085925949841,0.05184124639752896
1,[0.01403141 0.9859686 ],-1.7576983,2.4946275,0.0,0.0001330159815379516,0.15786012350455825,0.13632997015726064,0.021530153347297604
1,[0.02253942 0.9774606 ],-1.4353261,2.334366,0.0,1.1894707481885122e-05,0.1852134911719981,0.16914374399393195,0.01606974717806614
1,[0.04502336 0.9549766 ],-1.084928,1.9695773,0.0,0.0001647199471531879,0.3365633619129642,0.31287528850071256,0.023688073412251653
1,[0.01085044 0.9891495 ],-1.8790095,2.6336305,0.0,4.358442281963164e-06,0.14826970445967594,0.13606570806529425,0.012203996394381689
1,[0.9032369  0.09676308],1.7055802,-0.528139,0.99,0.0219281778187691,0.5094534577352191,0.46641591724403186,0.04303754049118724
1,[0.05858874 0.94141126],-0.73447853,2.042359,0.0,0.001697257843939098,0.38186064694733196,0.3488910138333163,0.032969633114015684
1,[0.02018726 0.97981274],-1.5170798,2.36523,0.0,6.587347540386045e-05,0.2471135728618656,0.22285754824297088,0.024256024618894728
1,[0.15512033 0.84487975],-0.4608842,1.2341089,0.0,0.02895901753494995,0.6474879371962654,0.6056254681670983,0.041862469029167126
1,[0.19239531 0.8076047 ],-0.35297036,1.0815501,0.03,0.10892209522199718,0.7766829383595905,0.7152610974261097,0.0614218409334808
1,[0.24228    0.75772005],-0.069714576,1.0705054,0.03,0.0782357699464803,0.7992353673325322,0.7664361260298589,0.03279924130267331
1,[0.04880862 0.95119137],-0.76773006,2.2020783,0.0,0.007405351110463155,0.3666568646631071,0.3172658335945892,0.04939103106851789
1,[1.1901088e-04 9.9988103e-01],-3.2447212,5.7914553,0.0,6.366621655555513e-06,0.031903096140834614,0.020075350760034652,0.011827745380799962
1,[0.00924316 0.9907568 ],-1.9903502,2.6842349,0.0,0.00017762767360303877,0.12487235696979218,0.10721729521390401,0.01765506175588817
1,[0.02895322 0.9710468 ],-1.4413393,2.0713542,0.0,0.0001283482418868312,0.28591518066230187,0.26382628792909807,0.022088892733203802
1,[0.14382595 0.856174  ],-0.5144382,1.2694315,0.03,0.0757368372885908,0.6983710252501749,0.6282722296240383,0.07009879562613663
1,[0.00606042 0.99393964],-2.229281,2.870617,0.0,2.4690345521030453e-06,0.09043547536777176,0.08069753820411188,0.00973793716365988
1,[0.00695673 0.9930433 ],-2.203999,2.7570653,0.0,1.955237247497359e-06,0.0902600530638917,0.08101443773615796,0.009245615327733742
1,[0.20824906 0.7917509 ],0.37859428,1.7141063,0.06,0.13709824082599928,0.7755727043569456,0.7004242831231633,0.07514842123378229
1,[0.01142266 0.98857737],-1.9168634,2.5438042,0.0,3.029879727783696e-06,0.1314616572592871,0.1204012380039863,0.011060419255300796
1,[0.00803977 0.9919602 ],-2.063686,2.751597,0.0,1.9691217044958586e-05,0.12413914118458563,0.10806996369905046,0.01606917748553517
1,[1.0403351e-04 9.9989593e-01],-4.9647393,4.205954,0.0,6.076436238999815e-07,0.011828172650198197,0.00929761656636668,0.002530556083831516
1,[0.039166   0.96083397],-1.3251092,1.8748835,0.0,7.675824003985466e-05,0.2699293072732784,0.2523786497353796,0.017550657537898806
1,[0.17211224 0.8278877 ],-0.6275113,0.9432194,0.0,0.02868846827693224,0.6763736272872302,0.6406753604302878,0.03569826685694233
1,[0.01604028 0.98395973],-1.6048,2.5116818,0.0,1.0836189429638683e-05,0.1639315625344739,0.1483656600299417,0.015565902504532214
1,[0.00444677 0.9955532 ],-2.3486526,3.0624678,0.0,1.716338268036358e-06,0.06586370135080859,0.05816750459698711,0.00769619675382148
1,[0.00790529 0.9920947 ],-1.8843229,2.9479637,0.0,1.6569071120710164e-06,0.09961854275516982,0.09123456050825876,0.00838398224691106
1,[0.0850938  0.91490614],-0.9468687,1.4281985,0.0,0.001816301117740499,0.49840228254740215,0.4654828253717757,0.03291945717562644
1,[0.7389236  0.26107645],0.8790677,-0.16131362,0.97,0.14993133846317258,0.8468721538644182,0.8030970657750057,0.04377508808941244
1,[0.13122123 0.86877877],-0.40378183,1.486422,0.02,0.05922709521948499,0.628807353642198,0.5621419766622238,0.06666537697997421
1,[0.00144504 0.998555  ],-2.702188,3.8359833,0.0,1.5485753857941795e-05,0.06151448046325958,0.04723428263537287,0.014280197827886712
1,[0.53935266 0.46064737],0.62328774,0.46555093,0.55,0.873219756326266,0.9974341935796132,0.88266999867621,0.11476419490340317
1,[0.00753646 0.9924636 ],-2.1033087,2.7771292,0.0,1.50209004207042e-06,0.10133869173126828,0.09291288545345053,0.008425806277817749
1,[0.28828034 0.71171963],0.485376,1.3891267,0.16,0.3226921739788223,0.8956313851671602,0.8194015370247526,0.07622984814240763
1,[0.01742152 0.9825784 ],-1.7874019,2.2450714,0.0,3.1992074206916253e-06,0.14840629093120805,0.13630777364638366,0.01209851728482439
1,[0.03542889 0.9645711 ],-0.86921364,2.4349425,0.0,0.0023929376558623912,0.30071022467891995,0.26470167962198976,0.036008545056930186
1,[0.02696396 0.97303605],-0.94960165,2.6363182,0.0,0.003253607180789094,0.22385653096833885,0.19743371842905497,0.026422812539283885
1,[0.86599416 0.13400589],1.2948031,-0.5711914,1.0,0.006373887944283313,0.6380992752986765,0.6138076287732218,0.02429164652545468
1,[0.1445439 0.8554561],-0.50993365,1.2681179,0.06,0.14205279440354943,0.7309536114084239,0.6349015588755216,0.09605205253290228
1,[0.00786837 0.99213165],-2.0957015,2.7413027,0.0,2.4849448911346846e-06,0.10920813413354485,0.0974358679374072,0.011772266196137651
1,[0.0114847 0.9885153],-2.1058207,2.3493683,0.0,3.057127571685018e-05,0.13872604319799697,0.12456077815100716,0.014165265046989811
1,[0.01286354 0.9871365 ],-1.946095,2.3943162,0.0,1.821282756765724e-05,0.1627045523118932,0.1437606203236921,0.0189439319882011
1,[0.15165511 0.84834486],-0.2603053,1.4613731,0.01,0.07342571687476446,0.6889271569216591,0.6148308395545301,0.07409631736712896
1,[0.3500415 0.6499585],-0.07404849,0.5448082,0.08,0.33480830559346636,0.9468595994056886,0.9133275400276889,0.033532059377999746
1,[0.01363457 0.98636544],-1.9147172,2.3667016,0.0,1.8175872772584026e-05,0.17621807835452272,0.1552624975459264,0.02095558080859633
0,[0.73228514 0.26771486],0.91933495,-0.086912595,0.02,0.14517034441985666,0.8667143082424129,0.8270965567723072,0.03961775147010571
0,[0.998483   0.00151702],3.5942378,-2.8952518,0.0,7.637172421067049e-07,0.03848703003417684,0.03317698507192003,0.005310044962256809
0,[0.95272475 0.04727522],1.9307947,-1.0725449,0.0,8.861280001830575e-05,0.3074129690244902,0.2916834787722405,0.015729490252249734
0,[0.9703251  0.02967493],2.20745,-1.2798786,0.0,1.9689761607483816e-05,0.2287473305979127,0.21132157546020305,0.017425755137709636
0,[0.97135264 0.02864743],2.2387214,-1.2849044,0.0,4.370015507868076e-05,0.22335670638926883,0.2086251454686505,0.014731560920618336
0,[0.9398855  0.06011445],1.7173967,-1.032111,0.0,0.00040529612102617853,0.38549330749451893,0.36262111977796047,0.022872187716558467
0,[0.97586876 0.02413118],2.2698274,-1.4299959,0.0,1.1518568388985288e-05,0.2156863016586189,0.19995696189118864,0.015729339767430267
0,[0.9338053  0.06619471],1.7748256,-0.87184167,0.0,0.0011123876764723157,0.3787266500963217,0.35454139633825704,0.024185253758064684
0,[0.9860816  0.01391842],2.4407277,-1.8197986,0.0,4.945244224978373e-06,0.1559169775237848,0.14123204539938167,0.014684932124403138
0,[0.76399946 0.23600055],1.6621187,0.4873858,0.08,0.22210232079486258,0.8486479607259021,0.7678211883085825,0.08082677241731961
0,[0.94628304 0.05371695],1.8266299,-1.0421832,0.0,0.00041602885548111724,0.35247276751584783,0.3269214340641485,0.025551333451699354
0,[0.972172   0.02782798],2.216041,-1.3374494,0.0,1.413155070113785e-05,0.21743392486319268,0.20088676459524707,0.016547160267945615
0,[0.7647175  0.23528244],1.2914755,0.112755634,0.04,0.13226173552130077,0.8242491260132971,0.7750021519127082,0.04924697410058898
0,[0.88728136 0.11271867],1.416517,-0.64675003,0.0,0.0033441077831800033,0.567521808959526,0.5421878615785172,0.025333947381008803
0,[0.8959774  0.10402257],1.5917752,-0.5615321,0.0,0.004480098963393872,0.5504238097586981,0.5160190674145577,0.03440474234414037
0,[0.7579895  0.24201047],1.4620726,0.32038403,0.05,0.14898804881757127,0.8235010874733694,0.7595842512281591,0.06391683624521027
0,[0.15066105 0.84933895],-0.37650156,1.3529241,0.99,0.04782764392423661,0.6760202889310325,0.6232955246603585,0.05272476427067396
0,[0.98801863 0.0119814 ],2.5814388,-1.8309075,0.0,1.983675042075148e-06,0.12228627534659949,0.11362149917540786,0.00866477617119163
0,[0.99291635 0.00708366],2.8122892,-2.1305666,0.0,2.2449288325644016e-06,0.11478777802440263,0.10334278406394123,0.011444993960461392
0,[0.9767268  0.02327323],2.2519011,-1.4850022,0.0,1.6727380720834258e-05,0.2057752209612029,0.19049232665758115,0.015282894303621758
0,[0.99323773 0.00676229],3.3320363,-1.6575726,0.0,1.8552298586337093e-06,0.08864529183156727,0.0785292239376963,0.01011606789387097
0,[0.9957157  0.00428426],3.2272687,-2.2212443,0.0,7.586876177444573e-06,0.08270751019366121,0.07158399480332511,0.011123515390336097
0,[0.9801681  0.01983192],2.4054096,-1.4950217,0.0,2.0811195275874875e-05,0.18731615106144678,0.17308594106592493,0.014230209995521853
0,[0.9965011  0.00349889],3.1728168,-2.4789891,0.0,1.227966319449663e-06,0.07144036779202331,0.06271306517832737,0.008727302613695948
0,[0.8394291  0.16057095],1.2723172,-0.38166896,0.0,0.061152100756325774,0.7110937428173902,0.6484166435109245,0.0626770993064657
0,[0.93686515 0.06313487],1.858484,-0.838782,0.0,0.0004917078073208588,0.3821630354432115,0.35546075109627556,0.026702284346935945
0,[0.7966744 0.2033257],1.0583377,-0.3072993,0.03,0.08773077531338493,0.7597256209671683,0.7079465462979262,0.05177907466924214
0,[0.8740404  0.12595959],1.291007,-0.6461584,0.0,0.007178428658433126,0.5625135881750756,0.5406395447684621,0.021874043406613475
0,[0.9688261  0.03117386],2.5930452,-0.84345984,0.0,0.00013234493591484815,0.254634782642892,0.22936616717137978,0.02526861547151224
0,[0.90889597 0.09110399],1.5299377,-0.7702913,0.0,0.0035586507007250635,0.534726136296858,0.5088276988600547,0.0258984374368032
0,[0.98141897 0.01858099],2.3381884,-1.6286718,0.0,4.534756955173959e-05,0.21192295579460757,0.18848361229116625,0.023439343503441318
0,[0.9984622  0.00153776],3.5835845,-2.8923068,0.0,8.677491570117193e-07,0.042574364340124515,0.03575344641558009,0.006820917924544423
0,[0.7834502  0.21654986],1.0275214,-0.2583653,0.01,0.0697862029956267,0.7932877773090692,0.7553973335929041,0.03789044371616512
0,[0.9844013  0.01559875],2.3269553,-1.8178879,0.0,0.00020634293792688659,0.1872421340280817,0.16619277967910243,0.021049354348979282
0,[0.7674241  0.23257588],0.97552484,-0.21829823,0.01,0.05266426094389507,0.7742171371028449,0.7459594416615056,0.02825769544133927
0,[0.9981779  0.00182218],3.4810786,-2.8248203,0.0,8.532190473879388e-07,0.042046474342216804,0.03584437686776596,0.006202097474450843
0,[0.98674494 0.01325501],2.5057998,-1.8042358,0.0,6.1126299021280815e-06,0.13864514685859738,0.12470573802785315,0.013939408830744238
0,[0.9889253  0.01107471],3.0588229,-1.433132,0.0,1.0282790005943874e-05,0.1366230070964995,0.12024782947941669,0.016375177617082806
0,[0.98411196 0.01588806],2.5209546,-1.6052171,0.0,5.137416089343466e-06,0.13545339608364426,0.12528224537137664,0.010171150712267624
0,[0.98941326 0.01058667],2.6247783,-1.9127386,0.0,1.9926784864288797e-05,0.1392355525500937,0.1211272412667723,0.01810831128332141
0,[0.9905096  0.00949037],2.5679078,-2.0800338,0.0,4.472434244726579e-06,0.12159492658796235,0.10968352642727669,0.011911400160685662
0,[0.9812366  0.01876346],2.3689716,-1.5879303,0.0,1.0956280824693957e-05,0.17360423228213134,0.15851802163760256,0.01508621064452878
0,[0.9782244  0.02177553],2.3125467,-1.4924053,0.0,7.7630524592596e-05,0.1932768332642068,0.17653708467404186,0.016739748590164943
0,[0.99873525 0.00126478],3.9525237,-2.7190702,0.0,6.731199960953993e-07,0.029669146308054596,0.026457682021746334,0.0032114642863082625
0,[0.83806646 0.16193353],1.7052279,0.06131641,0.0,0.04219758529254152,0.6809741631978102,0.6288983754601671,0.0520757877376431
0,[0.82248753 0.1775125 ],1.5786054,0.045313008,0.04,0.09673297794715613,0.7357933751863542,0.6743152529303786,0.0614781222559756
0,[0.9884235  0.01157652],2.6513042,-1.795828,0.0,0.0001655622840937461,0.15565530592049703,0.13257032192024285,0.02308498400025419
0,[0.98946416 0.01053577],2.7201748,-1.8222125,0.0,4.4247626541181795e-05,0.16719206337410944,0.1395714239183131,0.027620639455796347
0,[9.9930537e-01 6.9459865e-04],3.7122703,-3.5592113,0.0,1.4412617125418452e-06,0.039176398305100134,0.029047337659402272,0.010129060645697862
1,[0.06147053 0.93852943],-1.089838,1.6359184,0.0,0.0006288592155497193,0.4131336712105861,0.38452126155184235,0.02861240965874373
1,[0.7155495 0.2844505],1.4563012,0.5338096,0.94,0.22638010263857866,0.8699474960873084,0.7957752483798234,0.07417224770748498
1,[0.00816059 0.9918394 ],-1.2694652,3.530779,0.0,1.2076757169274644e-05,0.13969085512042165,0.11657639759337585,0.0231144575270458
1,[0.00506041 0.99493957],-2.3639095,2.9173245,0.0,9.234510698428379e-07,0.06412120000455582,0.05867524575245467,0.005445954252101148
1,[0.25157097 0.748429  ],0.30016333,1.3904146,0.04,0.13398306533119816,0.8213796814749766,0.7651585529079244,0.05622112856705219
1,[0.00536818 0.99463177],-2.319378,2.9025059,0.0,1.157761355214229e-06,0.08086948323376981,0.07396361125415701,0.0069058719796128015
1,[0.04690405 0.9530959 ],-1.1727786,1.838833,0.0,0.0003755783077129091,0.3750978591587792,0.3483943709332872,0.02670348822549201
1,[0.0493564  0.95064354],-1.1830261,1.7750456,0.0,0.002560060456968181,0.3780017862185977,0.344135177589007,0.03386660862959068
1,[0.04469169 0.9553083 ],-0.07096792,2.9912786,0.0,0.012616235981473142,0.39418475172551,0.33522507891527525,0.05895967281023473
1,[0.00220003 0.99779993],-2.8086424,3.3084414,0.0,7.284743833681086e-07,0.03791364525065808,0.03401604542981696,0.003897599820841119
1,[0.02161094 0.9783891 ],-1.7070186,2.1056893,0.0,6.2200043749494195e-06,0.18676679547892827,0.17489455361806092,0.011872241860867355
1,[0.00840068 0.9915993 ],-2.1570315,2.613975,0.0,2.2759429373384205e-06,0.10681300699738827,0.09492032069889962,0.01189268629848865
1,[0.00516896 0.994831  ],-2.3647308,2.8951712,0.0,1.3569837028399668e-06,0.07702204322794441,0.0685037962752879,0.008518246952656516
1,[0.01819283 0.98180723],-1.6172624,2.3711052,0.0,4.720040406177674e-05,0.1901989672508719,0.17212524597820528,0.018073721272666626
1,[0.55007285 0.4499271 ],0.63825125,0.43728605,0.55,0.858551506225855,0.996972936109999,0.9250067958564567,0.07196614025354231
1,[0.04860122 0.9513988 ],-1.0724897,1.901795,0.0,0.00021880571680328638,0.3173906285056215,0.29069743774134993,0.026693190764271568
1,[6.027334e-04 9.993973e-01],-3.43068,3.9827526,0.0,6.964844915178091e-07,0.027084808696430807,0.02189037100952976,0.005194437686901046
1,[0.11502547 0.88497454],-0.72476584,1.3156394,0.0,0.0026344112237138735,0.5466760928180839,0.5148929680123707,0.031783124805713214
1,[0.80293095 0.19706912],0.969051,-0.43566307,0.99,0.06147333508349716,0.7542113412325541,0.713173099057647,0.041038242174907036
1,[0.01253212 0.9874679 ],-0.823416,3.5434332,0.0,0.00016767075642711005,0.15671259076450753,0.13503884265265514,0.02167374811185238
1,[9.921622e-04 9.990079e-01],-2.8619013,4.05273,0.0,6.826645741120188e-07,0.030633420784695328,0.026953739105870907,0.003679681678824421
1,[0.04939618 0.9506038 ],-1.1436534,1.8135711,0.0,5.302801096171833e-05,0.32803936429041947,0.31274926821329285,0.015290096077126614
1,[0.01231392 0.98768616],-1.3571959,3.0274389,0.0,0.00013208691353247534,0.1776236710621931,0.14796913253054614,0.029654538531646957
1,[0.03400885 0.96599114],-1.5833778,1.763156,0.0,2.1801275228024592e-05,0.25511575362386124,0.23930085248762673,0.015814901136234516
1,[0.06922602 0.930774  ],-1.0679564,1.5306833,0.0,0.003379844773712161,0.40888023928510986,0.37115687671425796,0.037723362570851904
1,[0.01657148 0.98342854],-1.6995564,2.3838055,0.0,7.5620624298287234e-06,0.18194534785331484,0.16456515736916816,0.017380190484146685
1,[0.17389446 0.8261056 ],-0.13308015,1.4251939,0.03,0.10425780110042643,0.7282037808037785,0.6581998336095927,0.07000394719418579
1,[5.5380868e-05 9.9994457e-01],-4.004224,5.796997,0.0,1.0922433792789796e-06,0.02473032589768516,0.015408292497546569,0.009322033400138591
1,[0.12152412 0.87847584],-0.47048712,1.5075885,0.0,0.017776087114978717,0.5871470502191201,0.54369782625743,0.04344922396169004
1,[0.00656407 0.993436  ],-2.1435556,2.8760026,0.0,1.9423938656794334e-06,0.08641833685566531,0.07719606817278621,0.009222268682879106
1,[0.5691021  0.43089792],0.3053368,0.027148195,0.67,0.7602685329250686,0.9914884093739841,0.9202518195254018,0.07123658984858228
1,[0.02168474 0.97831523],-1.6577487,2.1514745,0.0,6.712507249237775e-05,0.21642563357684677,0.19658079196993222,0.01984484160691455
1,[0.01197343 0.9880265 ],-2.030226,2.382793,0.0,3.012233474389091e-06,0.12018478708895979,0.10970548646200874,0.010479300626951044
1,[0.10551168 0.89448833],-0.83062226,1.3068079,0.0,0.009928072205416331,0.5500632481311643,0.5082889632062271,0.04177428492493718
1,[0.07744069 0.9225594 ],-0.6284258,1.8492136,0.03,0.05085108851197578,0.551870226848117,0.480596101785984,0.07127412506213304
1,[0.06916652 0.93083346],-0.80183095,1.7977327,0.0,0.008059593029187562,0.4311012146941763,0.3866891458616308,0.044412068832545504
1,[0.00495735 0.9950427 ],-2.257883,3.044032,0.0,2.0800167180398405e-05,0.09498425524935787,0.07996083977022536,0.01502341547913251
1,[0.33673394 0.663266  ],0.043405443,0.7212885,0.1,0.29489276183617075,0.9183828840584757,0.8714409074360755,0.04694197662240018
1,[0.04947846 0.9505215 ],-1.5520959,1.4033777,0.0,0.0005187849114117164,0.3245566296191222,0.2963768423186238,0.02817978730049836
1,[0.04350461 0.9564954 ],-1.1304793,1.9599297,0.0,0.000574180097790619,0.3131297153348327,0.29089781902743644,0.02223189630739625
1,[0.02537404 0.974626  ],-1.4169741,2.2313533,0.0,0.0005964770762835948,0.2434592639985013,0.2204965919097576,0.022962672088743696
1,[0.0046109 0.9953891],-2.3495154,3.0251944,0.0,1.062096575244302e-06,0.07060164602497027,0.06443436428840348,0.00616728173656679
1,[0.02964953 0.97035044],-1.2045345,2.2836766,0.0,4.997191156411886e-05,0.22366006228755944,0.207425480487557,0.01623458180000245
1,[0.02916625 0.9708337 ],-1.3871791,2.1179638,0.0,9.904959918141797e-06,0.2215940991962386,0.20868142679114535,0.01291267240509325
1,[0.4716017  0.52839833],0.73678035,0.85049605,0.45,0.8934111717534563,0.9984922308477211,0.9337300998735202,0.06476213097420092
1,[0.01943452 0.9805654 ],-1.4800696,2.441009,0.0,5.369082143967314e-06,0.17072962826428492,0.15869474456027977,0.012034883704005156
1,[3.0500212e-04 9.9969506e-01],-3.3790135,4.715873,0.0,1.605553765660427e-05,0.03345019026173129,0.021176137809412195,0.012274052452319092
1,[0.00932103 0.99067897],-2.2200594,2.446058,0.0,3.103215379200541e-06,0.11634170576844217,0.10315458129931893,0.013187124469123249
1,[0.24141815 0.7585819 ],0.13655457,1.2814748,0.02,0.10012873443902864,0.8279854491032916,0.7899029007661128,0.038082548337178834
1,[0.01448961 0.98551035],-1.8058965,2.4138308,0.0,5.217847309701845e-06,0.16091061202965892,0.14865478436387344,0.01225582766578548
1,[0.03372683 0.9662732 ],-1.3312817,2.0238712,0.0,0.00012658212095422895,0.2783627560301439,0.25743343482255115,0.02092932120759272
1,[0.19902226 0.80097777],-0.4604325,0.93198395,0.0,0.029303994142213782,0.7512484241234897,0.7275177420094867,0.023730682114002977
1,[0.19288966 0.80711037],-0.25799832,1.1733438,0.05,0.12981199876643396,0.7742127515452479,0.6987147325779243,0.07549801896732367
1,[0.35906827 0.6409317 ],0.23550549,0.8149159,0.29,0.613300690743178,0.9715774619356441,0.874749853638676,0.09682760829696813
0,[0.9811029  0.01889714],2.383903,-1.5657636,0.0,5.66225062057374e-06,0.174075077784531,0.16072460204383512,0.013350475740695866
0,[0.9985067 0.0014932],3.8408504,-2.6644864,0.0,1.7213282559751097e-06,0.051859815149364344,0.04061151290968268,0.011248302239681665
0,[0.9950275  0.00497258],3.11895,-2.1798823,0.0,1.79506932321986e-06,0.07545648515714026,0.06699972737662503,0.008456757780515231
0,[0.9955438 0.0044563],3.0255942,-2.3833756,0.0,8.687374762871255e-06,0.09059266751066038,0.07831227319809071,0.012280394312569665
0,[0.98517644 0.01482355],2.4120967,-1.7845069,0.0,5.126452133274263e-06,0.15769017239875877,0.14474610241096736,0.012944069987791407
0,[0.9572507  0.04274933],2.0581377,-1.0505742,0.0,4.297734506451472e-05,0.30770518904613753,0.2908378185801167,0.016867370466020826
0,[0.96479845 0.03520151],2.0804162,-1.2304138,0.0,0.00036789480529738776,0.27263893693328467,0.2465407416475043,0.026098195285780362
0,[0.96391785 0.03608213],2.2578506,-1.0273576,0.0,0.0002246602232013201,0.2840817381149475,0.2606274106230498,0.023454327491897742
0,[0.99338746 0.00661247],2.555735,-2.456429,0.0,3.866471167933898e-06,0.10081827222975742,0.08601481181216278,0.014803460417594644
0,[0.3503871 0.6496129],0.10124275,0.7185808,0.86,0.4099716601977481,0.945929775203799,0.8893392279026935,0.056590547301105465
0,[0.99455947 0.00544049],3.141915,-2.066515,0.0,7.49875134353827e-06,0.11093682849760805,0.09181155155298781,0.01912527694462024
0,[0.98451    0.01549001],2.49142,-1.660529,0.0,3.3405326527286807e-06,0.1539556121309356,0.14304877338285527,0.010906838748080322
0,[0.98471874 0.01528132],2.4183064,-1.7474183,0.0,0.00016737314805724386,0.18508364427059668,0.16040740154215002,0.02467624272844665
0,[0.8399773  0.16002275],1.2214355,-0.43662333,0.0,0.01450527218072492,0.648464970635817,0.617902879655567,0.03056209098024998
0,[0.8893163  0.11068366],1.6933432,-0.39043355,0.0,0.00510686204434187,0.5552808577930402,0.5182644729042225,0.037016384888817644
0,[0.97343713 0.02656286],2.6447535,-0.956566,0.0,0.0007581575837959424,0.25373378703285315,0.22099190194424248,0.03274188508861067
0,[0.9949057  0.00509428],3.258415,-2.0161147,0.0,9.278855357839453e-07,0.0636038385695556,0.05845218425428561,0.005151654315269996
0,[0.36533576 0.6346642 ],0.27937987,0.8316591,0.78,0.510232803201411,0.9665843756244696,0.9122985678275767,0.05428580779689296
0,[0.96469235 0.03530766],2.2043116,-1.1033975,0.0,0.002570401433782744,0.27891350897170064,0.24349142475421262,0.03542208421748802
0,[0.99364626 0.00635378],2.9018188,-2.1505125,0.0,6.761371298155518e-06,0.101593602266594,0.08914272477689875,0.012450877489695256
0,[0.96415615 0.0358438 ],2.1998193,-1.0922635,0.0,1.5131589961880011e-05,0.24192926334076303,0.22986736761165674,0.012061895729106292
0,[0.9831511  0.01684888],2.4738235,-1.592655,0.0,1.232852297657466e-05,0.17124079294939623,0.15531393110745004,0.015926861841946194
0,[0.9888087  0.01119127],2.5135593,-1.9678077,0.0,1.737980152544286e-05,0.13498946213402616,0.11824486578289002,0.016744596351136135
0,[0.94443655 0.05556351],1.9798529,-0.8532091,0.0,0.0006433386666540011,0.3483779895857925,0.3221559237957282,0.02622206579006431
0,[0.9552552  0.04474476],2.1260724,-0.93493164,0.0,0.00014207647691283698,0.29784432728277344,0.27837137666051837,0.01947295062225507
0,[0.988112   0.01188809],2.8730206,-1.5472378,0.0,3.136839042709871e-06,0.131583721945737,0.11963616243270743,0.011947559513029574
0,[0.9817456  0.01825432],2.384922,-1.6000085,0.0,8.055799656865488e-06,0.18545467534200183,0.17076786215735487,0.014686813184646957
0,[0.6158785  0.38412145],0.55876213,0.08667106,0.18,0.4715629323054214,0.9641471234877673,0.9215456450078428,0.04260147847992457
0,[0.8415954  0.15840459],0.84679407,-0.8233528,0.04,0.12066416749792504,0.7481392357698664,0.6738481480506352,0.07429108771923121
0,[0.998811   0.00118906],3.9606726,-2.7727263,0.0,5.187190235803205e-06,0.06711883073680537,0.049803311103840946,0.017315519632964425
0,[0.983871   0.01612897],2.5302114,-1.580666,0.0,1.0375345436538836e-05,0.17002539155574878,0.15754399789444104,0.012481393661307738
0,[0.9821859 0.0178141],2.4834037,-1.526387,0.0,3.425044155516986e-05,0.18429256707229047,0.16934334060917391,0.014949226463116555
0,[0.9849974  0.01500257],2.7257667,-1.4586505,0.0,1.9989300916952365e-05,0.1728234847917926,0.15285095681552807,0.01997252797626453
0,[0.9792838  0.02071613],2.2307093,-1.6251998,0.0,4.2063636232980444e-05,0.21074001612631046,0.19076285536738832,0.01997716075892214
0,[0.98916245 0.01083751],2.5752668,-1.9385785,0.0,2.385155723021387e-06,0.1261791778912889,0.11569264324408594,0.010486534647202964
0,[0.99529475 0.00470519],3.3738146,-1.9805583,0.0,1.9764744785015375e-06,0.0898146018747835,0.07814231134337554,0.011672290531407961
0,[0.99024713 0.00975291],2.611711,-2.008678,0.0,5.175866996402583e-05,0.15252756493841194,0.13070838399742368,0.021819180940988253
0,[0.9959252  0.00407488],2.936417,-2.5624146,0.0,2.5905101810823104e-06,0.08863983675686021,0.07578591792486797,0.012853918831992245
0,[0.98846483 0.01153519],2.6106262,-1.8401242,0.0,6.94136075273327e-06,0.13774180798494046,0.12167731702664131,0.01606449095829915
0,[0.94753116 0.05246885],2.0073688,-0.88627136,0.0,0.0007073689224771372,0.3831260093010551,0.35263821482597785,0.030487794475077268
0,[0.9842494  0.01575055],2.3677685,-1.7672354,0.0,8.216402296061256e-06,0.16601904495498396,0.1523549803482711,0.01366406460671285
0,[0.9600386  0.03996134],1.9635305,-1.2155305,0.0,7.356673295763135e-05,0.2986062104260957,0.2794824275807548,0.019123782845340886
0,[0.9676005  0.03239949],1.8329282,-1.5637486,0.0,4.851124792464588e-05,0.2602076439679564,0.2375090727374439,0.022698571230512526
0,[0.9169304  0.08306969],1.7766843,-0.62466747,0.01,0.017447570101640435,0.5063376050538749,0.45360260781547457,0.05273499723840036
0,[0.78993106 0.210069  ],1.2111907,-0.11331906,0.14,0.2894980518172621,0.8673649186106269,0.7706713707900064,0.09669354782062056
0,[0.90930855 0.0906914 ],1.5055635,-0.79965854,0.0,0.007181405835458743,0.4916003687057781,0.4502168713592639,0.0413834973465142
0,[0.9541029  0.04589711],2.0709293,-0.9634401,0.0,0.0017074465340448043,0.3301862022233086,0.2841980198847622,0.0459881823385464
0,[0.9499322  0.05006779],1.9634893,-0.9795234,0.0,0.00048726021412829544,0.35260149653001865,0.33445498360037434,0.01814651292964431
0,[0.996929 0.003071],3.2605915,-2.5220852,0.0,1.0398255908277302e-06,0.0644106306825844,0.05671838952973276,0.0076922411528516435
1,[0.13039674 0.8696033 ],-0.4039181,1.4935374,0.0,0.0035733028835395614,0.5659166518833606,0.539687534804611,0.026229117078749642
1,[0.00599457 0.9940055 ],-2.2081954,2.902694,0.0,8.935558188753698e-06,0.11114386336249983,0.09232146936388036,0.01882239399861947
1,[0.0363243 0.9636757],-1.3565311,1.9217368,0.0,9.183256884599326e-05,0.2778128200061787,0.2552189002187162,0.022593919787462502
1,[0.0052141  0.99478596],-1.621273,3.629888,0.0,1.2419933414248235e-06,0.07931465795527108,0.07199406593647613,0.0073205920187949525
1,[0.71460515 0.28539485],0.61632526,-0.3015313,0.95,0.19532167902116976,0.8852947978936783,0.845126615949486,0.04016818194419225
1,[0.34272978 0.6572702 ],0.14330986,0.7944627,0.16,0.4095774340190606,0.939728854735615,0.8722332315086005,0.06749562322701441
1,[0.0536981  0.94630194],-1.0663822,1.8028017,0.0,0.00934091034738741,0.4210035973140682,0.36231825832979103,0.05868533898427719
1,[0.19869362 0.80130637],0.58126074,1.9757401,0.05,0.13930530103514838,0.7647985932196686,0.6771122067813604,0.08768638643830817
1,[0.09558482 0.9044152 ],-0.76127833,1.4859961,0.0,0.002438084717709213,0.5070562775561679,0.4825684848174041,0.02448779273876378
1,[0.01185242 0.98814756],-2.0178273,2.4054723,0.0,0.00010402757385244629,0.14464855600118112,0.12472762282017545,0.01992093318100567
1,[0.00107933 0.9989207 ],-2.944129,3.8862092,0.0,1.1251403598858698e-06,0.03835327052746829,0.030522596776816686,0.007830673750651607
1,[0.41857633 0.58142364],0.3540247,0.6826451,0.32,0.6567869203006136,0.9822223281107977,0.9159874237059331,0.06623490440486457
1,[0.03073669 0.9692634 ],-1.4397538,2.0113256,0.0,0.00020729618230257642,0.27529372562549703,0.2510298542981567,0.024263871327340314
1,[0.1287464  0.87125355],-0.44743913,1.4646493,0.0,0.016898335093453908,0.6159075369402567,0.5772424403689428,0.038665096571313895
1,[0.36215162 0.6378484 ],0.27775496,0.84379256,0.09,0.2981783651261898,0.9411740249508151,0.9136633361534985,0.027510688797316663
1,[0.05822109 0.94177884],-0.6886242,2.0948987,0.0,0.007997175781189721,0.38502048419163437,0.33999809192683944,0.04502239226479493
1,[0.38583535 0.6141646 ],0.07868771,0.5435401,0.28,0.5754780884347169,0.9695610513456031,0.8883036343705231,0.08125741697508004
1,[3.7472005e-04 9.9962521e-01],-3.3874207,4.501536,0.0,7.754641993455837e-07,0.028952502663596034,0.022838135151687665,0.006114367511908369
1,[0.00171821 0.99828184],-2.5157776,3.8489747,0.0,6.671899838074132e-06,0.07252627699848677,0.057119248842146926,0.01540702815633984
1,[0.02907529 0.97092474],-1.37977,2.12859,0.0,4.7127372314728816e-05,0.20617654247699127,0.19104621828251617,0.015130324194475103
1,[0.02834526 0.9716547 ],-1.3337882,2.2007525,0.0,9.581856756927327e-05,0.24795998547808693,0.2213183680112428,0.026641617466844125
1,[0.01017339 0.98982656],-1.9519362,2.625818,0.0,2.675789780108359e-06,0.10951575735136002,0.10045166971161198,0.00906408763974803
1,[0.02392622 0.97607374],-1.5749941,2.1335692,0.0,1.606618225110704e-05,0.2164922338583934,0.19983261843461483,0.016659615423778557
1,[0.39977172 0.6002283 ],0.7479635,1.1543798,0.33,0.6490782236976455,0.9745101960894822,0.8694416091197954,0.1050685869696868
1,[0.0124016 0.9875985],-1.9315774,2.4458737,0.0,3.3764413176841886e-06,0.12808152098814515,0.11647509981201765,0.011606421176127507
1,[0.04928325 0.95071673],-0.83023494,2.129397,0.0,0.00310164468510018,0.3827659636214738,0.3406219374950129,0.0421440261264609
1,[0.01088931 0.98911065],-1.5249698,2.984055,0.0,5.318080342854104e-05,0.202402146727662,0.17074067814960286,0.031661468578059127
1,[0.10420667 0.8957933 ],0.2791159,2.4304495,0.01,0.029568908023216354,0.5644591419129611,0.5071859524749184,0.057273189438042715
1,[0.32229146 0.6777085 ],0.12675633,0.87001723,0.18,0.43683715584456223,0.935092890398957,0.8512049127876049,0.08388797761135214
1,[0.02397661 0.97602344],-1.4843512,2.2220569,0.0,4.730047406480408e-05,0.21024062150386758,0.19272018991685796,0.01752043158700961
1,[0.03547172 0.9645283 ],-1.3942654,1.9086381,0.0,0.0005315001129387088,0.32288442080695173,0.2897195228907126,0.03316489791623911
1,[0.01674342 0.9832565 ],-1.2021554,2.870709,0.0,0.0001636530746071166,0.18007286524421467,0.15869584094967903,0.02137702429453564
1,[0.01925701 0.98074305],-1.6131747,2.3172607,0.0,2.1303239496773653e-05,0.16100151560955558,0.14928011328241061,0.01172140232714497
1,[0.0857001  0.91429985],-0.63025814,1.7370464,0.0,0.006872829574265115,0.5048116029927692,0.4636715470885513,0.041140055904217876
1,[0.0081018 0.9918982],-2.1049047,2.702629,0.0,2.960024000687317e-06,0.09895844109441133,0.08968649629772207,0.00927194479668926
1,[0.03338856 0.96661144],-1.3105094,2.0550737,0.0,1.8346578982957593e-05,0.24960095794129442,0.23427786269303347,0.015323095248260948
1,[0.7161312  0.28386882],1.3507905,0.4254392,0.91,0.26868442370919643,0.8901947555994105,0.8227443638095729,0.06745039178983758
1,[0.01402631 0.9859737 ],-1.3736401,2.879055,0.0,0.003979261580335255,0.20412599333075399,0.15567121431570186,0.04845477901505213
1,[0.3931789 0.6068211],0.25953168,0.69350106,0.15,0.4068849841482175,0.951680617074675,0.9078436152309519,0.04383700184372308
1,[0.25722852 0.7427715 ],0.09096557,1.1513892,0.06,0.18890251346832684,0.8635948869210633,0.81029668949675,0.0532981974243133
1,[0.0139303 0.9860697],-1.556339,2.703322,0.0,0.0004159060509339516,0.17282558083035,0.1472559204774181,0.0255696603529319
1,[0.04124638 0.9587536 ],-1.271635,1.8744357,0.0,6.73531658557579e-05,0.3169066908239249,0.29783708251360586,0.019069608310319064
1,[0.15596841 0.8440316 ],0.3714893,2.0600257,0.01,0.03752985613679288,0.6685067108801381,0.6182414275037904,0.050265283376347725
1,[0.51976347 0.4802365 ],1.0082648,0.9291697,0.48,0.9155247624884026,0.9999462581694407,0.8934785063436596,0.10646775182578117
1,[0.01627448 0.9837255 ],-1.750696,2.3510523,0.0,3.1770802749144714e-05,0.18248619029461566,0.1658921217586472,0.016594068535968454
1,[0.00253981 0.9974602 ],-2.6315277,3.3415966,0.0,8.924378088757834e-07,0.058497507057245796,0.05258659233407921,0.005910914723166585
1,[0.2502608  0.74973917],0.04602337,1.1432451,0.07,0.15103270626360438,0.8193134819075109,0.7652853901129358,0.05402809179457502
1,[0.565467   0.43453303],0.5322663,0.26888624,0.58,0.8117518173550567,0.9954409146561132,0.7569999539249691,0.23844096073114407
1,[0.15010971 0.84989023],-0.31663352,1.4171072,0.0,0.04687241631147924,0.7041486964145856,0.6532758413284023,0.05087285508618322
1,[0.03727181 0.9627282 ],-0.7639898,2.487544,0.0,0.00030574432284261445,0.2945260940170264,0.2641475515209098,0.0303785424961166
1,[0.06764013 0.9323599 ],-0.54721254,2.076305,0.0,0.007818404882658846,0.43780118581950145,0.3904613703299929,0.04733981548950855
1,[0.08920894 0.9107911 ],-0.98582095,1.3375114,0.0,0.0015481968990574968,0.495517359570504,0.46324008561319924,0.032277273957304786
1,[0.23910205 0.760898  ],0.09657955,1.2541884,0.01,0.0923752113249918,0.8237864926824762,0.7869824633718114,0.03680402931066473
1,[0.02432841 0.97567165],-1.6159167,2.0755646,0.0,5.85274120816463e-06,0.18939862448725045,0.17769391522615485,0.011704709261095597
1,[0.07314303 0.926857  ],-0.92105174,1.6183306,0.0,0.003187117443049921,0.42104285235412764,0.38716390396933753,0.03387894838479011
0,[0.9907279  0.00927216],3.3196626,-1.3517607,0.0,1.084374797022194e-05,0.11590025855042439,0.098622032280408,0.017278226270016392
0,[0.9864981  0.01350183],2.5647926,-1.7265438,0.0,0.00010572748034986046,0.16593168851726134,0.14275766049952293,0.023174028017738407
0,[0.99028206 0.00971795],2.5906281,-2.0333867,0.0,1.731992414921032e-05,0.13079744951273928,0.11615786706358551,0.014639582449153768
0,[0.98381954 0.01618053],2.4438057,-1.6638278,0.0,3.239423035164158e-06,0.15072063996603752,0.1400437850178235,0.01067685494821402
0,[0.9519062  0.04809372],1.9631772,-1.0221378,0.0,0.0010670124718376401,0.36577390573357743,0.3323219257773856,0.03345197995619181
0,[0.95872456 0.04127542],2.007378,-1.1379586,0.0,0.0005456229340206229,0.27543408496643246,0.2566334575220628,0.018800627444369666
0,[0.95900595 0.04099412],1.9719238,-1.1805449,0.0,0.0006132323025713292,0.2788160163064928,0.2618198738306384,0.016996142475854348
0,[0.87861836 0.12138163],1.797656,-0.18175492,0.0,0.027688838852025638,0.5926652855547041,0.5365794643382183,0.056085821216485754
0,[0.6239773 0.3760227],1.1965866,0.6901221,0.21,0.4907276899660934,0.9510696487074848,0.8605223308720739,0.09054731783541092
0,[0.95778173 0.04221826],1.700326,-1.421441,0.0,0.0002842502096151534,0.2928912699335873,0.2717902240491081,0.021101045884479197
0,[0.9965609 0.0034391],3.1456363,-2.5234656,0.0,8.701518615898785e-07,0.054496024340825705,0.049788703327433285,0.0047073210133924195
0,[0.8109009  0.18909907],1.0546868,-0.40118805,0.01,0.04599585412405951,0.7204026477606414,0.6745062826598245,0.04589636510081696
0,[0.8318341  0.16816598],1.2833934,-0.315288,0.04,0.1273017039562816,0.7920616269997428,0.7302687764926882,0.06179285050705463
0,[0.9812383  0.01876178],3.0031886,-0.953805,0.0,0.00021018801177234256,0.22029171757691726,0.19428473758958828,0.026006979987328982
0,[0.942241   0.05775893],1.8411608,-0.9508223,0.0,0.0005956150236693021,0.39233043478390717,0.361779565671626,0.030550869112281165
0,[0.6944553  0.30554467],0.8157647,-0.005267225,0.15,0.3082408448461948,0.8977654318903914,0.8261831569135748,0.07158227497681657
0,[0.9708236  0.02917636],2.4261522,-1.0786337,0.0,0.008633855808412097,0.3115536878201573,0.25754257931235497,0.05401110850780233
0,[0.92617667 0.07382332],2.191197,-0.3381934,0.01,0.034354610288625034,0.48050916455597287,0.4097306934936264,0.07077847106234647
0,[0.9963731  0.00362689],3.1800404,-2.4357054,0.0,1.0133611804274064e-06,0.06730287367105993,0.06069996525431548,0.006602908416744449
0,[0.9734764  0.02652352],2.2227235,-1.3801184,0.0,0.00011629334024853717,0.23754789782087618,0.21833528593636467,0.01921261188451151
0,[0.99819285 0.00180721],3.5152292,-2.7989328,0.0,7.730333016836085e-07,0.04340179974571468,0.038954296147655415,0.004447503598059267
0,[0.9854354 0.0145646],3.0503225,-1.1641673,0.0,8.9417891297333e-06,0.1791037537555184,0.160263280080727,0.018840473674791414
0,[0.8714279  0.12857214],1.934454,0.02081094,0.01,0.04534437966783598,0.6282693059189737,0.5582536209088665,0.07001568501010713
0,[0.9059335  0.09406649],1.6182537,-0.64671034,0.0,0.001718184145546112,0.47757238880983954,0.4495608865332104,0.02801150227662913
0,[0.56086755 0.4391324 ],0.26807678,0.023392923,0.29,0.6235759113349206,0.9870047356746652,0.9621578861565627,0.024846849518102454
0,[0.9866746  0.01332537],2.7317057,-1.5729644,0.0,2.8730662128512862e-06,0.13925430940795344,0.1288290758268674,0.010425233581086046
0,[0.9976185  0.00238144],3.5932477,-2.4444175,0.0,1.082474343013029e-06,0.05790504294839694,0.048951921739660294,0.008953121208736647
0,[0.7905632 0.2094368],1.2730346,-0.055289082,0.01,0.07441972285316868,0.772834224607257,0.7253480088862015,0.04748621572105549
0,[0.99701285 0.00298717],3.340497,-2.4699388,0.0,2.5222122495536294e-05,0.0784079976666694,0.062816356883544,0.015591640783125388
0,[0.9747288  0.02527115],2.13581,-1.5166862,0.0,1.5948014464382814e-05,0.1985092764297196,0.18145347747184723,0.017055798957872376
0,[0.9639411  0.03605883],2.0572336,-1.2286448,0.0,0.00013504823405150626,0.29636273974125305,0.27321512180933777,0.023147617931915276
0,[0.9575682  0.04243181],1.8844814,-1.2320173,0.0,3.3646423113054267e-05,0.2988103323348385,0.2852195108395618,0.013590821495276684
0,[0.93310094 0.0668991 ],1.7287211,-0.9066067,0.0,0.0002269330152161439,0.4032303082346276,0.3818302060181293,0.021400102216498296
0,[0.20316182 0.79683816],-0.25157624,1.1150726,1.0,0.02968055040489357,0.7546392340679008,0.7285750053556659,0.026064228712234905
0,[0.8404233  0.15957671],1.5939679,-0.06741292,0.02,0.0771676636316798,0.7020686952393881,0.63227908142384,0.06978961381554805
0,[0.7048018 0.2951982],0.8150922,-0.055177443,0.03,0.14202183622702716,0.8652595929900899,0.8305178936372465,0.034741699352843436
0,[0.95683557 0.04316448],1.8600905,-1.2385232,0.0,4.562358986954452e-05,0.2834590964253301,0.26845146035441425,0.015007636070915875
0,[0.41423294 0.58576703],0.1280759,0.4745696,0.68,0.7331889511161653,0.9864522414087684,0.8900874384252722,0.09636480298349626
0,[0.41656774 0.58343226],0.45814496,0.7950243,0.74,0.6670406523368522,0.9852337443274055,0.9394860152325967,0.04574772909480884
0,[0.9602941  0.03970589],2.0254045,-1.1603357,0.0,3.562477133205311e-05,0.2827405529100253,0.2648964499740919,0.017844102935933415
0,[0.96151483 0.03848517],2.011026,-1.2072113,0.0,6.714927616006087e-05,0.261335162227013,0.24206115253614344,0.019274009690869537
0,[0.6710348  0.32896522],0.57796144,-0.13490763,0.03,0.1699254638487529,0.9087652702569258,0.8879725677676121,0.02079270248931364
0,[0.9687986  0.03120146],2.1693141,-1.2662778,0.0,1.2677738737655562e-05,0.2304130255671817,0.21659125286962766,0.013821772697554052
0,[0.9936494  0.00635055],2.8601665,-2.1926754,0.0,2.8131907785491114e-06,0.09302589955289875,0.08158078735436487,0.011445112198533877
0,[0.9660772  0.03392274],2.0029,-1.3462583,0.0,2.3782648369519563e-05,0.2664576439851304,0.25023174730899644,0.016225896676133944
0,[0.852171 0.147829],1.5355203,-0.21621072,0.01,0.055761132636839,0.6563631878853661,0.5861861401530868,0.07017704773227929
0,[0.89167166 0.10832834],1.2721088,-0.83582246,0.0,0.003550808262861219,0.5351551900150979,0.5052662821259878,0.02988890788911014
0,[0.9645622  0.03543779],2.0325937,-1.2713016,0.0,0.000552328957292242,0.2784176399936005,0.24856469797635192,0.029852942017248557
0,[0.9918534  0.00814655],2.709817,-2.092164,0.0,2.039146602627055e-06,0.11039796385679215,0.09921081488563682,0.01118714897115533
1,[0.17327462 0.82672536],-0.35461697,1.2079779,0.01,0.044476505729869775,0.6878413444554368,0.6400649940023757,0.047776350453061056
1,[0.05655516 0.94344485],-1.174319,1.6400025,0.0,0.004570028062114238,0.3870654868973813,0.35641043929433996,0.03065504760304133
1,[0.06265045 0.9373495 ],-1.1611764,1.5443088,0.0,0.0018235726486029924,0.38447594412334,0.35361443134793785,0.030861512775402167
1,[0.5621307 0.4378693],0.71237993,0.46256605,0.71,0.671950773823985,0.98832126286702,0.9479477336376977,0.04037352922932236
1,[0.1444233 0.8555767],-0.50073576,1.2782913,0.0,0.008278563587076484,0.62291161638797,0.5948463265372835,0.02806528985068646
1,[0.0494099  0.95059013],-1.3092053,1.6477269,0.0,9.966619941697132e-05,0.3003401610099259,0.28752652911389825,0.012813631896027633
1,[0.02470917 0.97529083],-1.5267377,2.1488237,0.0,0.000865729203898806,0.2566964031722786,0.22514943204403137,0.031546971128247225
1,[0.01591495 0.9840851 ],-1.7648876,2.3595657,0.0,2.8981458246620743e-05,0.16202136198025638,0.1459080172001965,0.01611334478005988
1,[0.04731007 0.9526899 ],-1.1855354,1.8170308,0.0,0.0007692888327185101,0.33622892015053013,0.30663504849897505,0.02959387165155508
1,[7.418575e-04 9.992581e-01],-3.1822417,4.02337,0.0,1.040294875255747e-06,0.03619425138588607,0.02885395660465164,0.0073402947812344285
1,[0.00817287 0.99182713],-2.103228,2.6955004,0.0,1.4166216646038677e-06,0.10034820064928665,0.0943483171510456,0.005999883498241057
1,[0.78825074 0.21174924],1.0268939,-0.28751963,0.98,0.05499381957540506,0.7607721353976685,0.7245430440888382,0.03622909130883034
1,[0.10323516 0.8967648 ],-0.81317943,1.3486047,0.02,0.033884551753969136,0.5636583906905438,0.5114944618443334,0.05216392884621035
1,[0.02729935 0.9727006 ],-1.479934,2.0932796,0.0,6.387957737832407e-05,0.22383142150131288,0.2025509117206583,0.021280509780654572
1,[0.24204727 0.75795275],-0.019639403,1.1218487,0.0,0.07073059500044211,0.7976150327874283,0.7616906947359268,0.035924338051501525
1,[0.00398997 0.99601007],-1.8308129,3.6891603,0.0,6.866970765456136e-06,0.0793546869172594,0.06468962953794659,0.014665057379312813
1,[0.14062025 0.85937977],-0.4784993,1.3316487,0.0,0.017864193722174817,0.6332988955477937,0.5968012103339784,0.036497685213815356
1,[0.06087138 0.93912864],-1.1117427,1.6244465,0.0,0.0004045901361967668,0.3835120243609167,0.35579925594883627,0.027712768412080424
1,[0.02151035 0.9784896 ],-1.5842731,2.2332027,0.0,0.0002655876331711027,0.22064911902324155,0.19391951093264975,0.0267296080905918
1,[0.3126234 0.6873766],0.1519115,0.93979454,0.1,0.2887739378192847,0.9019091818802798,0.8402839284664911,0.06162525341378866
1,[0.65048015 0.34951988],0.7359303,0.11478,0.9,0.3027067649663846,0.9239561538423359,0.8766442425379298,0.04731191130440604
1,[0.05630314 0.94369686],-1.0400538,1.7790009,0.0,0.0013190609043724885,0.41655002057865037,0.3797496888949792,0.036800331683671195
1,[0.00409856 0.9959014 ],-2.5395422,2.9534693,0.0,1.1985457309649826e-06,0.07092184009967194,0.06327556668472123,0.007646273414950708
1,[0.02367636 0.97632366],-1.4919572,2.2273598,0.0,7.877873089822853e-05,0.25366679979034207,0.23125875025279957,0.022408049537542496
1,[0.04642287 0.9535771 ],-0.42424664,2.5981815,0.0,0.0008965964915783632,0.39121418138848213,0.3538561099680628,0.0373580714204193
1,[0.06297624 0.93702376],-0.10348952,2.5964615,0.0,0.011788267017986425,0.45247904515738785,0.3978002999989361,0.054678745158451725
1,[0.15861347 0.8413865 ],-0.3871655,1.2814153,0.02,0.04566308283870936,0.6832401636099159,0.6404482573398235,0.04279190627009244
1,[0.278395   0.72160494],-0.37858167,0.5738553,0.0,0.12323722366948663,0.8738880485752024,0.8482980620227217,0.02558998655248068
1,[0.01758322 0.98241675],-1.355093,2.6679778,0.0,2.3082224437913387e-05,0.17996190418766111,0.1629626337773442,0.016999270410316902
1,[0.37309563 0.6269043 ],0.27152944,0.79048854,0.12,0.38668645140818997,0.9451007328353147,0.9005917947746708,0.04450893806064393
1,[0.03854897 0.961451  ],-1.2075126,2.0090015,0.0,4.273956070303404e-05,0.2914010617616924,0.2732116821563205,0.01818937960537187
1,[0.03903804 0.960962  ],-1.2603261,1.9430722,0.0,0.00022247442551101245,0.2956889117151726,0.27045247849720305,0.025236433217969534
1,[0.27315494 0.7268451 ],0.33845264,1.3171269,0.03,0.12043661012502377,0.8457871153201247,0.811445619595839,0.03434149572428569
1,[0.15079254 0.84920746],-0.31745648,1.410942,0.04,0.07007272726687801,0.6523205206985221,0.5883486070093731,0.06397191368914901
1,[0.49492872 0.5050712 ],0.45418626,0.47447196,0.46,0.9089170369689106,0.999980396725637,0.8211187837936177,0.1788616129320193
1,[0.00701107 0.99298894],-2.124081,2.8291483,0.0,3.5781032202595884e-06,0.1154321325236915,0.10237956298103704,0.013052569542654463
1,[0.0022427 0.9977574],-2.7459059,3.3519242,0.0,8.895974532280399e-07,0.054801938481047925,0.048802339829072366,0.005999598651975559
1,[0.04391785 0.9560821 ],-1.4139285,1.6665946,0.0,0.0005094202682236069,0.3082916928812424,0.2818479844498787,0.026443708431363733
1,[0.01887235 0.9811276 ],-1.7669127,2.184092,0.0,0.00011194850766106612,0.21469163999735386,0.19294475626322208,0.021746883734131778
1,[0.01423222 0.9857678 ],-1.0208218,3.2170901,0.0,0.007763015441982764,0.24956819524630505,0.19683653017176522,0.05273166507453983
1,[0.08753837 0.9124616 ],-0.585724,1.7583448,0.01,0.024234577090942042,0.5316918463876854,0.47820799369176575,0.053483852695919654
1,[0.01437961 0.9856204 ],-1.9303114,2.2971482,0.0,6.738727678060039e-06,0.15252882256154637,0.13587648415368245,0.016652338407863926
1,[0.6844426  0.31555742],0.7228212,-0.051442914,0.92,0.23315174378549589,0.9077975238805207,0.8685297571049208,0.039267766775599955
1,[0.00135995 0.99864   ],-2.9655843,3.6333656,0.0,6.82451158761e-07,0.03036068585994503,0.02729795163265714,0.003062734227287891
1,[0.00818768 0.99181235],-2.266058,2.5308454,0.0,1.1832716849155405e-06,0.08757110969210953,0.08204864465820579,0.005522465033903745
1,[0.00191342 0.9980866 ],-2.3943062,3.8626394,0.0,6.779795829447245e-06,0.05853403187272279,0.047503526849756436,0.011030505022966354
1,[0.02618331 0.9738167 ],-1.5305185,2.0855823,0.0,0.001241328804317864,0.2829418586028602,0.24324349026516254,0.03969836833769766
1,[0.01512466 0.9848754 ],-1.7326927,2.4434958,0.0,0.00013184364693409495,0.18454701540424198,0.16184302672022732,0.02270398868401466
1,[0.01937544 0.9806246 ],-1.6512125,2.2729712,0.0,0.0012114814439714828,0.19795426691755397,0.17039329469269135,0.027560972224862618
1,[0.03686949 0.96313053],-1.3412573,1.9215473,0.0,0.00014092287073019368,0.2787789325474005,0.25625498820100784,0.022523944346392655
1,[0.16275431 0.83724564],-0.008237049,1.6296388,0.0,0.038544065952897964,0.698502291008446,0.6582630802294475,0.0402392107789985
1,[0.0149212 0.9850788],-1.6065388,2.5834,0.0,0.0008019463925970063,0.19868072163479847,0.15876229074640613,0.03991843088839234
1,[0.02670778 0.97329223],-1.4356904,2.1600392,0.0,5.082587880084922e-05,0.22820143616624278,0.20917424307719273,0.019027193089050043
1,[0.06530417 0.93469584],-0.38994253,2.2712228,0.0,0.001514995896170287,0.44541619063874216,0.4078525569548791,0.03756363368386306
1,[0.8875658  0.11243415],1.36057,-0.70554507,1.0,0.006579143190305236,0.5107852053921753,0.48075776547779503,0.030027439914380283
1,[0.62769836 0.37230164],0.8325059,0.31015053,0.73,0.5911715482616476,0.9691726285286295,0.8788392571108918,0.09033337141773767
0,[0.8664698  0.13353017],1.1618202,-0.7082797,0.01,0.02696526890972924,0.5959063416058765,0.5438958212842357,0.052010520321640774
0,[0.9635176  0.03648233],2.0369906,-1.2367722,0.0,0.0003005774772438321,0.28910509337267387,0.26495154891586203,0.024153544456811837
0,[0.97813064 0.02186933],2.138577,-1.6619811,0.0,0.0001793427211253201,0.22128096178468015,0.19607565742651678,0.025205304358163372
0,[0.74146885 0.25853112],0.7452859,-0.30833107,0.0,0.057222767345384236,0.8374340899503689,0.8219439565524574,0.015490133397911499
0,[0.98977125 0.01022883],2.8843262,-1.6879369,0.0,3.59023564131321e-05,0.15006318253853604,0.12990329021307218,0.020159892325463863
0,[0.66350275 0.33649728],0.55395293,-0.124989904,0.12,0.3273803615724355,0.928380493527107,0.8721166272713156,0.056263866255791495
0,[0.9808435  0.01915652],2.526053,-1.409717,0.0,2.226875974911987e-05,0.19027519856086683,0.17234595346384066,0.017929245097026175
0,[0.9901702  0.00982977],2.6008306,-2.0116305,0.0,2.5472574610782043e-06,0.1209770789147377,0.10758670319904165,0.013390375715696054
0,[0.9896624  0.01033756],2.6416287,-1.9199513,0.0,9.684439443063985e-06,0.1554436490218633,0.13952633221704,0.015917316804823306
0,[0.967135   0.03286505],2.145616,-1.2363123,0.0,3.2289842098025434e-05,0.24354955489020427,0.22755824254984724,0.015991312340357028
0,[0.9824286  0.01757137],2.2480211,-1.7757357,0.0,0.0001727511657349898,0.1871180915411469,0.16589761445455914,0.021220477086587752
0,[0.35227996 0.64772004],-0.2011464,0.40788594,0.91,0.3389465313630903,0.9432610344190353,0.9045133431796445,0.038747691239390814
0,[0.2954215  0.70457846],-0.11487535,0.7543211,0.77,0.4731938037919622,0.919884292600508,0.8026291869733335,0.11725510562717445
0,[0.9682712  0.03172883],2.0886023,-1.3296841,0.0,0.00011123796657790645,0.2880368016390082,0.2651410737971129,0.022895727841895308
0,[0.9626161  0.03738393],2.2634096,-0.9850042,0.0,0.0036036879900688736,0.29480874750371944,0.2616649604578738,0.03314378704584564
0,[0.99750084 0.0024992 ],3.4212089,-2.5680747,0.0,1.0661097584009668e-06,0.05421982557799787,0.046950790733256885,0.007269034844740986
0,[0.9596945  0.04030547],1.9659748,-1.2041532,0.0,2.7423881004921985e-05,0.2696151164679834,0.2556044638241193,0.014010652643864141
0,[0.8717656  0.12823446],1.3581288,-0.5585315,0.01,0.018201200686867876,0.5682842940421262,0.5310564994797355,0.03722779456239067
0,[0.99055356 0.00944638],2.7783256,-1.8743068,0.0,1.688282281498453e-06,0.09921948926058971,0.09091915507549206,0.008300334185097652
0,[0.9857641  0.01423591],2.5892754,-1.648374,0.0,0.00025210591228683584,0.18895972476224857,0.1615431319727853,0.027416592789463262
0,[0.9851483  0.01485165],2.515403,-1.679278,0.0,1.3327235863126074e-05,0.1613002494741043,0.1447360844215546,0.01656416505254968
0,[0.95846343 0.04153658],2.5792372,-0.5595197,0.0,0.00030310545164694675,0.3160289773652466,0.2856000009567644,0.03042897640848219
0,[0.9843834  0.01561668],2.3858528,-1.7578229,0.0,1.2845369937984571e-05,0.15353009480595395,0.13970045390212293,0.013829640903831014
0,[0.9943863  0.00561368],3.0742402,-2.10268,0.0,2.605053751883124e-06,0.09805999297738834,0.08590158810885881,0.012158404868529524
0,[0.93243927 0.06756073],1.9686604,-0.6561168,0.0,0.00037336580653391497,0.4030612922844921,0.3765486188101324,0.026512673474359705
0,[0.99337584 0.00662416],2.8598647,-2.1505203,0.0,1.3496832912255596e-06,0.08615648252081101,0.07678938294807407,0.009367099572736945
0,[0.98178977 0.01821026],2.5362096,-1.4511824,0.0,2.6053532564224487e-05,0.17153477579321486,0.1596345437559196,0.01190023203729526
0,[0.84468675 0.15531324],1.0207102,-0.6728117,0.0,0.02001928551884978,0.6769386762866398,0.6440329347274197,0.0329057415592201
0,[0.9896259  0.01037413],2.756041,-1.801971,0.0,1.1776856078299675e-05,0.12660479195651164,0.1118326968748681,0.014772095081643538
0,[0.8249612  0.17503886],1.4660494,-0.08427893,0.06,0.14089507831530276,0.740545943760297,0.6462393861466641,0.09430655761363294
0,[0.65688163 0.34311843],0.94457954,0.29515138,0.16,0.4023713468904556,0.9506475172909421,0.9030165781691855,0.047630939121756644
0,[0.9961935  0.00380651],3.5518305,-2.0153985,0.0,7.384937140858915e-05,0.09249487087161279,0.07354910619328844,0.018945764678324345
0,[0.96957415 0.03042587],2.095035,-1.3665284,0.0,2.0040191451556043e-05,0.24738195178853703,0.23234026315275033,0.015041688635786699
0,[0.9850466 0.0149533],2.6693435,-1.5184135,0.0,7.826751318290548e-06,0.1601201045238837,0.14611996431955354,0.014000140204330158
0,[0.99281234 0.00718762],2.752101,-2.1760812,0.0,2.5790948816713075e-06,0.11852214481174358,0.10447240911047087,0.014049735701272714
0,[0.85062194 0.14937806],1.2470257,-0.49246153,0.0,0.021111477258775088,0.6601273291691376,0.623115931777195,0.03701139739194259
0,[0.9756444  0.02435558],2.114393,-1.5759441,0.0,9.232015003833917e-06,0.21500282110625876,0.20130827257468045,0.01369454853157831
0,[0.8006139  0.19938609],0.90965915,-0.48047665,0.0,0.03434361800476784,0.7266638481479528,0.6897154394018888,0.036948408746063977
0,[0.84717375 0.15282619],1.3546255,-0.35797906,0.0,0.015001542374527159,0.6548336171842549,0.6239899476088798,0.0308436695753751
0,[0.88402355 0.11597651],1.3852103,-0.64588577,0.0,0.003288807285369902,0.5619391661211938,0.5321651426428599,0.02977402347833391
0,[0.99764556 0.0023544 ],3.377329,-2.6717849,0.0,2.290054382927456e-06,0.06172889445876495,0.05081848169622139,0.010910412762543557
0,[0.2765326  0.72346747],-0.07008767,0.8916392,0.94,0.17916323992114833,0.8648091704274802,0.8138978342231664,0.05091133620431376
0,[0.9578382  0.04216178],1.9800823,-1.1430826,0.0,0.0006798074307894804,0.34235203996703006,0.31241568636411304,0.02993635360291702
0,[0.9600127  0.03998729],2.0530193,-1.1253656,0.0,8.927927697755908e-05,0.3118241090408077,0.2884523547191555,0.023371754321652227
0,[0.99495524 0.00504476],2.9316623,-2.3526852,0.0,1.0705993518322355e-06,0.07532317710489023,0.06840806643225138,0.0069151106726388495
0,[0.9912422 0.0087578],2.7432013,-1.985813,0.0,6.396237178299036e-05,0.1232735632517088,0.10794107345114447,0.015332489800564328
0,[0.9869515  0.01304852],2.5896335,-1.7363123,0.0,4.266681508751913e-05,0.15087603704000774,0.13564303920296755,0.015232997837040185
0,[0.97641695 0.02358302],2.0129972,-1.7103659,0.0,0.001813320341858795,0.21964185963280078,0.1934442368769904,0.02619762275581039
0,[0.9498574  0.05014262],1.8662758,-1.0751649,0.0,6.735263517812473e-05,0.32860456377464875,0.3120169015924249,0.01658766218222385
1,[0.00273156 0.99726844],-2.9153047,2.9848413,0.0,1.7787689567689135e-06,0.061003906968510616,0.051938975538881785,0.00906493142962883
1,[0.02689338 0.9731066 ],-1.541842,2.0467715,0.0,9.484753597615322e-06,0.19684478533900662,0.18474150628453648,0.012103279054470145
1,[4.755403e-04 9.995245e-01],-3.573884,4.0766993,0.0,5.991813568920302e-07,0.012716217160458449,0.011160669689187531,0.0015555474712709173
1,[0.04595962 0.95404035],-1.191997,1.8409457,0.01,0.017326274653934853,0.35956890067743547,0.30721781171142365,0.052351088966011816
1,[0.01217765 0.98782235],-1.3391364,3.0567641,0.0,2.6486476913365904e-06,0.11680625240625399,0.1053849168092019,0.011421335597052093
1,[0.02618705 0.973813  ],-1.122194,2.4937603,0.0,0.0026091888571809804,0.29752456853915676,0.25633659396884223,0.041187974570314534
1,[0.00937784 0.9906221 ],-2.1999536,2.46003,0.0,0.00013180641379796477,0.14328374467959656,0.12035405026415583,0.022929694415440738
1,[0.2669065 0.7330935],-0.07894334,0.93143153,0.04,0.18144587598269332,0.8675296779901536,0.8142377579325968,0.053291920057556785
1,[0.01929889 0.9807011 ],-1.6245575,2.3036628,0.0,8.800003759261378e-06,0.18799354772753268,0.1740612976746306,0.013932250052902079
1,[0.03069982 0.9693002 ],-0.68898505,2.7633324,0.0,0.00032862592725262964,0.2646844168634094,0.2383571836823425,0.02632723318106689
1,[0.08266461 0.91733533],-1.1569307,1.2497507,0.0,0.00046953743948070857,0.455245859048806,0.43011700097895117,0.02512885806985482
1,[0.00540192 0.99459803],-2.4134226,2.8021617,0.0,1.3115398188706172e-06,0.08246113429738455,0.0753836558789577,0.007077478418426847
1,[0.0586265  0.94137347],-1.0937047,1.6824484,0.0,0.0010569207121938903,0.39468500626120717,0.36401293237573046,0.030672073885476714
1,[0.34446326 0.6555367 ],-0.03159851,0.6118683,0.15,0.400401559207853,0.9305018995254998,0.8592875814302043,0.07121431809529544
1,[0.00558762 0.99441236],-2.2734447,2.9081533,0.0,4.141430647404257e-06,0.08162426671828613,0.06975006855476523,0.011874198163520894
1,[0.21802907 0.7819709 ],-0.38315216,0.894037,0.03,0.10872840412681471,0.802391678932492,0.7543417040819081,0.04804997485058382
1,[0.0116286  0.98837143],-1.841548,2.6010427,0.0,4.82444907205537e-06,0.1299546270343547,0.11616865897492716,0.013785968059427542
1,[0.0063041 0.9936959],-1.5514243,3.5088058,0.0,3.1781010981833243e-06,0.10142487653718191,0.08930712944220791,0.012117747094973999
1,[0.05319422 0.9468057 ],-1.5403519,1.3387923,0.0,0.0005688548553690101,0.3476315418853852,0.32359657946634324,0.02403496241904196
1,[0.16028033 0.83971965],-0.053162515,1.6029812,0.02,0.061015396311992154,0.7211432910465821,0.6696294136249705,0.05151387742161162
1,[0.01395506 0.98604494],-1.697742,2.5601177,0.0,2.53356302678314e-06,0.1395442506594768,0.13015154716959262,0.009392703489884163
1,[0.02655341 0.9734466 ],-0.97237533,2.6293097,0.01,0.01340272061398484,0.26766330686117273,0.22313390286507606,0.04452940399609667
1,[0.09791034 0.9020896 ],-0.9328039,1.2878577,0.0,0.002442077829247193,0.5025842986771076,0.48007907894182766,0.02250521973527997
1,[0.00221445 0.99778557],-2.661526,3.4490104,0.0,9.364938890472947e-07,0.04435119234859794,0.038770495064003624,0.005580697284594316
1,[0.01035711 0.9896429 ],-2.106213,2.4534578,0.0,2.6187209566529864e-06,0.12311597339894007,0.111471941766852,0.011644031632088062
1,[0.0846376 0.9153624],-0.6593338,1.7216076,0.0,0.012493575560538532,0.46093676496585634,0.4179232160544645,0.04301354891139186
1,[0.8955109 0.1044891],1.4803109,-0.66800076,1.0,0.0015482277701032061,0.5016862912656275,0.47939643680489047,0.022289854460737002
1,[0.02244758 0.9775524 ],-1.4490056,2.3248634,0.0,1.87810900981865e-05,0.2238834892488616,0.20934293655985778,0.01454055268900381
1,[0.12658043 0.8734196 ],-1.0955236,0.83601457,0.01,0.04194716594865768,0.6093939520128041,0.5419333272552402,0.06746062475756387
1,[0.23235857 0.7676414 ],-0.39548233,0.79955864,0.0,0.01566374968521781,0.7798480210747442,0.7701347849193144,0.009713236155429739
1,[0.01013335 0.9898666 ],-2.0747318,2.5070066,0.0,0.00017869299940144432,0.19942774977665242,0.1658499000178604,0.03357784975879202
1,[0.03943725 0.96056277],-1.1668427,2.025966,0.0,7.527560465021085e-05,0.28249025365952585,0.26248712352032344,0.020003130139202407
1,[0.07116329 0.92883676],-0.55757153,2.0113842,0.0,0.002935269930069059,0.4402386099388546,0.40586615733741366,0.03437245260144095
1,[0.04042868 0.9595713 ],-1.3125303,1.854417,0.0,0.008271252619465541,0.3262151228148863,0.2930596194509506,0.03315550336393569
1,[0.6852309  0.31476906],0.7251317,-0.052784972,0.91,0.2059684918630124,0.8832960155253506,0.8383681277272048,0.04492788779814583
1,[0.10781094 0.8921891 ],-0.59650785,1.516791,0.0,0.011303890539450781,0.5841709764372646,0.5423137528789488,0.04185722355831578
1,[0.0923607 0.9076393],-0.1132447,2.1719007,0.0,0.010439781715025059,0.4791593587206761,0.4416200605819101,0.037539298138766
1,[0.00432327 0.9956767 ],-1.9827132,3.4566984,0.0,1.1337197915064528e-06,0.06881985739191102,0.06072020008808106,0.008099657303829957
1,[0.47852772 0.5214723 ],0.43744704,0.52338904,0.38,0.8453272834645994,0.9984856955069883,0.921986006585377,0.0764996889216113
1,[0.01136121 0.98863876],-1.3221462,3.143978,0.0,0.0009173656039413854,0.13531778776343895,0.11522559210892094,0.020092195654518002
1,[0.20583571 0.7941643 ],-0.38028324,0.96992874,0.0,0.015860943593732215,0.7295115368809393,0.7090376902263253,0.020473846654613936
1,[0.0099513  0.99004865],-1.9481602,2.6518903,0.0,9.922425140526756e-06,0.12643000383865663,0.11109059173639509,0.015339412102261543
1,[0.01370045 0.9862996 ],-1.9160342,2.3604968,0.0,3.4437173006472025e-05,0.1578806969291677,0.13829021766287924,0.019590479266288457
1,[0.02477122 0.9752288 ],-0.5815844,3.0914054,0.0,6.634809280563551e-05,0.24450986301695948,0.21883326170193793,0.025676601315021558
1,[0.01564955 0.98435044],-1.4638803,2.6776595,0.0,2.90956251765648e-05,0.1672732821809794,0.1478026748223423,0.019470607358637093
1,[0.07356431 0.92643565],-0.9058587,1.6273259,0.0,0.0023356844918370483,0.4127265452803311,0.38870306270323424,0.024023482577096855
1,[0.7139607 0.2860393],1.0003574,0.08565859,0.83,0.3984457818364551,0.9151610470685373,0.8051078009375683,0.110053246130969
1,[0.01382641 0.9861736 ],-1.5537832,2.713469,0.0,2.3772180584818968e-05,0.17754086141580264,0.15889024583864808,0.018650615577154556
1,[0.02034851 0.9796515 ],-1.2454224,2.628767,0.0,0.00017138248107394086,0.2762764559903585,0.23918134604310842,0.03709510994725007
1,[0.03328859 0.9667114 ],-1.5484185,1.8202668,0.0,3.329331327475212e-05,0.25246668335479,0.23319742468465057,0.019269258670139428
1,[0.00380004 0.9961999 ],-2.5006838,3.0682516,0.0,1.012232732607654e-06,0.059518433693972306,0.05364794564267416,0.005870488051298146
1,[0.03342863 0.96657133],-0.9392373,2.425105,0.0,0.007308768668026374,0.31246154123839937,0.26888444817579277,0.0435770930626066
1,[0.00117597 0.99882406],-3.137484,3.6070032,0.0,6.797127036431532e-07,0.0304444118513971,0.027389046005807115,0.0030553658455899843
1,[0.03617774 0.9638223 ],-1.523525,1.758938,0.07,0.11359353249089493,0.49092800253222996,0.34694902873543615,0.1439789737967938
